# Rhino

mtllib tizi.mtl
usemtl diffuse_Black
v 16945.655862345786 -2251.1332864200358 -5613.5396053538589
v 16945.655862345786 -2251.1332864200358 -5613.5396053538589
v 16945.655862345786 -2251.1332864200358 -5613.5396053538589
v 16818.508401408286 -2251.1332864200358 -5552.0754940257339
v 16818.508401408286 -2251.1332864200358 -5552.0754940257339
v 16818.508401408286 -2251.1332864200358 -5552.0754940257339
v 16818.509377970786 11170.904799517464 -5552.0769588694839
v 16818.509377970786 11170.904799517464 -5552.0769588694839
v 16818.509377970786 11170.904799517464 -5552.0769588694839
v 16945.657815470786 11170.904799517464 -5613.5432674632339
v 16945.657815470786 11170.904799517464 -5613.5432674632339
v 16945.657815470786 11170.904799517464 -5613.5432674632339
v 16851.350198283286 11170.904799517464 -5646.3865291819839
v 16851.350198283286 11170.904799517464 -5646.3865291819839
v 16851.350198283286 11170.904799517464 -5646.3865291819839
v 16912.813088908286 -2251.1332864200358 -5519.2356502757339
v 16912.813088908286 -2251.1332864200358 -5519.2356502757339
v 16912.813088908286 -2251.1332864200358 -5519.2356502757339
v 16912.811135783286 11170.904799517464 -5519.2419979319839
v 16912.811135783286 11170.904799517464 -5519.2419979319839
v 16912.811135783286 11170.904799517464 -5519.2419979319839
v 17763.460549845786 -2251.1332864200358 -5223.0090877757339
v 17763.460549845786 -2251.1332864200358 -5223.0090877757339
v 17763.460549845786 -2251.1332864200358 -5223.0090877757339
v 17669.155862345786 -2251.1332864200358 -5255.8489315257339
v 17669.155862345786 -2251.1332864200358 -5255.8489315257339
v 17669.155862345786 -2251.1332864200358 -5255.8489315257339
v 17701.997659220786 11170.904799517464 -5350.1589901194839
v 17701.997659220786 11170.904799517464 -5350.1589901194839
v 17701.997659220786 11170.904799517464 -5350.1589901194839
v 17763.457620158286 11170.904799517464 -5223.0147030101089
v 17763.457620158286 11170.904799517464 -5223.0147030101089
v 17763.457620158286 11170.904799517464 -5223.0147030101089
v 17796.311135783286 11170.904799517464 -5317.3164608226089
v 17796.311135783286 11170.904799517464 -5317.3164608226089
v 17796.311135783286 11170.904799517464 -5317.3164608226089
v 17669.157815470786 11170.904799517464 -5255.8521053538589
v 17669.157815470786 11170.904799517464 -5255.8521053538589
v 17669.157815470786 11170.904799517464 -5255.8521053538589
v 17796.307229533286 -2251.1332864200358 -5317.3103573069839
v 17796.307229533286 -2251.1332864200358 -5317.3103573069839
v 17796.307229533286 -2251.1332864200358 -5317.3103573069839
v 16912.813088908286 -1915.3144387637858 -5519.2356502757339
v 16912.813088908286 -1915.3144387637858 -5519.2356502757339
v 16912.813088908286 -1915.3144387637858 -5519.2356502757339
v 16945.655862345786 -1815.4550637637858 -5613.5396053538589
v 16945.655862345786 -1815.4550637637858 -5613.5396053538589
v 16945.655862345786 -1815.4550637637858 -5613.5396053538589
v 16912.813088908286 -1815.4550637637858 -5519.2356502757339
v 16912.813088908286 -1815.4550637637858 -5519.2356502757339
v 16912.813088908286 -1815.4550637637858 -5519.2356502757339
v 17669.155862345786 -1815.4550637637858 -5255.8489315257339
v 17669.155862345786 -1815.4550637637858 -5255.8489315257339
v 17669.155862345786 -1815.4550637637858 -5255.8489315257339
v 17701.995706095786 -1815.4550637637858 -5350.1550838694839
v 17701.995706095786 -1815.4550637637858 -5350.1550838694839
v 17701.995706095786 -1815.4550637637858 -5350.1550838694839
v 17669.155862345786 -1915.3144387637858 -5255.8489315257339
v 17669.155862345786 -1915.3144387637858 -5255.8489315257339
v 17669.155862345786 -1915.3144387637858 -5255.8489315257339
v 16945.655862345786 -1915.3144387637858 -5613.5396053538589
v 16945.655862345786 -1915.3144387637858 -5613.5396053538589
v 16945.655862345786 -1915.3144387637858 -5613.5396053538589
v 16912.813088908286 -1487.2866067325358 -5519.2356502757339
v 16912.813088908286 -1487.2866067325358 -5519.2356502757339
v 16912.813088908286 -1487.2866067325358 -5519.2356502757339
v 16945.655862345786 -1387.4272317325358 -5613.5396053538589
v 16945.655862345786 -1387.4272317325358 -5613.5396053538589
v 16945.655862345786 -1387.4272317325358 -5613.5396053538589
v 16945.655862345786 -1487.2866067325358 -5613.5396053538589
v 16945.655862345786 -1487.2866067325358 -5613.5396053538589
v 16945.655862345786 -1487.2866067325358 -5613.5396053538589
v 17669.155862345786 -1387.4272317325358 -5255.8489315257339
v 17669.155862345786 -1387.4272317325358 -5255.8489315257339
v 17669.155862345786 -1387.4272317325358 -5255.8489315257339
v 17669.155862345786 -1487.2866067325358 -5255.8489315257339
v 17669.155862345786 -1487.2866067325358 -5255.8489315257339
v 17669.155862345786 -1487.2866067325358 -5255.8489315257339
v 16912.813088908286 -1387.4272317325358 -5519.2356502757339
v 16912.813088908286 -1387.4272317325358 -5519.2356502757339
v 16912.813088908286 -1387.4272317325358 -5519.2356502757339
v 17701.995706095786 -1387.4272317325358 -5350.1550838694839
v 17701.995706095786 -1387.4272317325358 -5350.1550838694839
v 17701.995706095786 -1387.4272317325358 -5350.1550838694839
v 17669.155862345786 -959.3993997012858 -5255.8489315257339
v 17669.155862345786 -959.3993997012858 -5255.8489315257339
v 17669.155862345786 -959.3993997012858 -5255.8489315257339
v 17701.995706095786 -1059.2587747012858 -5350.1550838694839
v 17701.995706095786 -1059.2587747012858 -5350.1550838694839
v 17701.995706095786 -1059.2587747012858 -5350.1550838694839
v 16912.813088908286 -1059.2587747012858 -5519.2356502757339
v 16912.813088908286 -1059.2587747012858 -5519.2356502757339
v 16912.813088908286 -1059.2587747012858 -5519.2356502757339
v 16945.655862345786 -1059.2587747012858 -5613.5396053538589
v 16945.655862345786 -1059.2587747012858 -5613.5396053538589
v 16945.655862345786 -1059.2587747012858 -5613.5396053538589
v 16912.813088908286 -959.3993997012858 -5519.2356502757339
v 16912.813088908286 -959.3993997012858 -5519.2356502757339
v 16912.813088908286 -959.3993997012858 -5519.2356502757339
v 17701.995706095786 -959.3993997012858 -5350.1550838694839
v 17701.995706095786 -959.3993997012858 -5350.1550838694839
v 17701.995706095786 -959.3993997012858 -5350.1550838694839
v 16945.655862345786 -959.3993997012858 -5613.5396053538589
v 16945.655862345786 -959.3993997012858 -5613.5396053538589
v 16945.655862345786 -959.3993997012858 -5613.5396053538589
v 17669.155862345786 -1059.2587747012858 -5255.8489315257339
v 17669.155862345786 -1059.2587747012858 -5255.8489315257339
v 17669.155862345786 -1059.2587747012858 -5255.8489315257339
v 17669.155862345786 -531.3715676700358 -5255.8489315257339
v 17669.155862345786 -531.3715676700358 -5255.8489315257339
v 17669.155862345786 -531.3715676700358 -5255.8489315257339
v 17701.995706095786 -531.3715676700358 -5350.1550838694839
v 17701.995706095786 -531.3715676700358 -5350.1550838694839
v 17701.995706095786 -531.3715676700358 -5350.1550838694839
v 17669.155862345786 -631.2314309512858 -5255.8489315257339
v 17669.155862345786 -631.2314309512858 -5255.8489315257339
v 17669.155862345786 -631.2314309512858 -5255.8489315257339
v 16912.813088908286 -531.3715676700358 -5519.2356502757339
v 16912.813088908286 -531.3715676700358 -5519.2356502757339
v 16912.813088908286 -531.3715676700358 -5519.2356502757339
v 16945.655862345786 -631.2314309512858 -5613.5396053538589
v 16945.655862345786 -631.2314309512858 -5613.5396053538589
v 16945.655862345786 -631.2314309512858 -5613.5396053538589
v 16945.655862345786 -531.3715676700358 -5613.5396053538589
v 16945.655862345786 -531.3715676700358 -5613.5396053538589
v 16945.655862345786 -531.3715676700358 -5613.5396053538589
v 16912.813088908286 -631.2314309512858 -5519.2356502757339
v 16912.813088908286 -631.2314309512858 -5519.2356502757339
v 16912.813088908286 -631.2314309512858 -5519.2356502757339
v 17701.995706095786 -203.2035989200358 -5350.1550838694839
v 17701.995706095786 -203.2035989200358 -5350.1550838694839
v 17701.995706095786 -203.2035989200358 -5350.1550838694839
v 16912.813088908286 -103.3437356387858 -5519.2356502757339
v 16912.813088908286 -103.3437356387858 -5519.2356502757339
v 16912.813088908286 -103.3437356387858 -5519.2356502757339
v 17669.155862345786 -103.3437356387858 -5255.8489315257339
v 17669.155862345786 -103.3437356387858 -5255.8489315257339
v 17669.155862345786 -103.3437356387858 -5255.8489315257339
v 16912.813088908286 -203.2035989200358 -5519.2356502757339
v 16912.813088908286 -203.2035989200358 -5519.2356502757339
v 16912.813088908286 -203.2035989200358 -5519.2356502757339
v 17669.155862345786 -203.2035989200358 -5255.8489315257339
v 17669.155862345786 -203.2035989200358 -5255.8489315257339
v 17669.155862345786 -203.2035989200358 -5255.8489315257339
v 16945.655862345786 -203.2035989200358 -5613.5396053538589
v 16945.655862345786 -203.2035989200358 -5613.5396053538589
v 16945.655862345786 -203.2035989200358 -5613.5396053538589
v 17701.995706095786 -103.3437356387858 -5350.1550838694839
v 17701.995706095786 -103.3437356387858 -5350.1550838694839
v 17701.995706095786 -103.3437356387858 -5350.1550838694839
v 16945.655862345786 -103.3437356387858 -5613.5396053538589
v 16945.655862345786 -103.3437356387858 -5613.5396053538589
v 16945.655862345786 -103.3437356387858 -5613.5396053538589
v 17701.995706095786 324.6840963924642 -5350.1550838694839
v 17701.995706095786 324.6840963924642 -5350.1550838694839
v 17701.995706095786 324.6840963924642 -5350.1550838694839
v 16945.655862345786 324.6840963924642 -5613.5396053538589
v 16945.655862345786 324.6840963924642 -5613.5396053538589
v 16945.655862345786 324.6840963924642 -5613.5396053538589
v 16945.655862345786 224.8242331112142 -5613.5396053538589
v 16945.655862345786 224.8242331112142 -5613.5396053538589
v 16945.655862345786 224.8242331112142 -5613.5396053538589
v 16912.813088908286 224.8242331112142 -5519.2356502757339
v 16912.813088908286 224.8242331112142 -5519.2356502757339
v 16912.813088908286 224.8242331112142 -5519.2356502757339
v 17669.155862345786 224.8242331112142 -5255.8489315257339
v 17669.155862345786 224.8242331112142 -5255.8489315257339
v 17669.155862345786 224.8242331112142 -5255.8489315257339
v 16912.813088908286 324.6840963924642 -5519.2356502757339
v 16912.813088908286 324.6840963924642 -5519.2356502757339
v 16912.813088908286 324.6840963924642 -5519.2356502757339
v 17669.155862345786 324.6840963924642 -5255.8489315257339
v 17669.155862345786 324.6840963924642 -5255.8489315257339
v 17669.155862345786 324.6840963924642 -5255.8489315257339
v 16912.813088908286 752.7119284237142 -5519.2356502757339
v 16912.813088908286 752.7119284237142 -5519.2356502757339
v 16912.813088908286 752.7119284237142 -5519.2356502757339
v 17669.155862345786 752.7119284237142 -5255.8489315257339
v 17669.155862345786 752.7119284237142 -5255.8489315257339
v 17669.155862345786 752.7119284237142 -5255.8489315257339
v 16912.813088908286 652.8515768612142 -5519.2356502757339
v 16912.813088908286 652.8515768612142 -5519.2356502757339
v 16912.813088908286 652.8515768612142 -5519.2356502757339
v 17669.155862345786 652.8515768612142 -5255.8489315257339
v 17669.155862345786 652.8515768612142 -5255.8489315257339
v 17669.155862345786 652.8515768612142 -5255.8489315257339
v 16945.655862345786 752.7119284237142 -5613.5396053538589
v 16945.655862345786 752.7119284237142 -5613.5396053538589
v 16945.655862345786 752.7119284237142 -5613.5396053538589
v 17701.995706095786 752.7119284237142 -5350.1550838694839
v 17701.995706095786 752.7119284237142 -5350.1550838694839
v 17701.995706095786 752.7119284237142 -5350.1550838694839
v 16945.655862345786 652.8515768612142 -5613.5396053538589
v 16945.655862345786 652.8515768612142 -5613.5396053538589
v 16945.655862345786 652.8515768612142 -5613.5396053538589
v 17669.155862345786 1080.8798971737142 -5255.8489315257339
v 17669.155862345786 1080.8798971737142 -5255.8489315257339
v 17669.155862345786 1080.8798971737142 -5255.8489315257339
v 16912.813088908286 1080.8798971737142 -5519.2356502757339
v 16912.813088908286 1080.8798971737142 -5519.2356502757339
v 16912.813088908286 1080.8798971737142 -5519.2356502757339
v 16945.655862345786 1080.8798971737142 -5613.5396053538589
v 16945.655862345786 1080.8798971737142 -5613.5396053538589
v 16945.655862345786 1080.8798971737142 -5613.5396053538589
v 17669.155862345786 1180.7392721737142 -5255.8489315257339
v 17669.155862345786 1180.7392721737142 -5255.8489315257339
v 17669.155862345786 1180.7392721737142 -5255.8489315257339
v 16912.813088908286 1180.7392721737142 -5519.2356502757339
v 16912.813088908286 1180.7392721737142 -5519.2356502757339
v 16912.813088908286 1180.7392721737142 -5519.2356502757339
v 16945.655862345786 1180.7392721737142 -5613.5396053538589
v 16945.655862345786 1180.7392721737142 -5613.5396053538589
v 16945.655862345786 1180.7392721737142 -5613.5396053538589
v 17701.995706095786 1180.7392721737142 -5350.1550838694839
v 17701.995706095786 1180.7392721737142 -5350.1550838694839
v 17701.995706095786 1180.7392721737142 -5350.1550838694839
v 17701.995706095786 1508.9072409237142 -5350.1550838694839
v 17701.995706095786 1508.9072409237142 -5350.1550838694839
v 17701.995706095786 1508.9072409237142 -5350.1550838694839
v 17701.995706095786 1608.7671042049642 -5350.1550838694839
v 17701.995706095786 1608.7671042049642 -5350.1550838694839
v 17701.995706095786 1608.7671042049642 -5350.1550838694839
v 17669.155862345786 1508.9072409237142 -5255.8489315257339
v 17669.155862345786 1508.9072409237142 -5255.8489315257339
v 17669.155862345786 1508.9072409237142 -5255.8489315257339
v 16912.813088908286 1508.9072409237142 -5519.2356502757339
v 16912.813088908286 1508.9072409237142 -5519.2356502757339
v 16912.813088908286 1508.9072409237142 -5519.2356502757339
v 16912.813088908286 1608.7671042049642 -5519.2356502757339
v 16912.813088908286 1608.7671042049642 -5519.2356502757339
v 16912.813088908286 1608.7671042049642 -5519.2356502757339
v 16945.655862345786 1508.9072409237142 -5613.5396053538589
v 16945.655862345786 1508.9072409237142 -5613.5396053538589
v 16945.655862345786 1508.9072409237142 -5613.5396053538589
v 16945.655862345786 1608.7671042049642 -5613.5396053538589
v 16945.655862345786 1608.7671042049642 -5613.5396053538589
v 16945.655862345786 1608.7671042049642 -5613.5396053538589
v 17669.155862345786 1608.7671042049642 -5255.8489315257339
v 17669.155862345786 1608.7671042049642 -5255.8489315257339
v 17669.155862345786 1608.7671042049642 -5255.8489315257339
v 17669.155862345786 1936.9350729549642 -5255.8489315257339
v 17669.155862345786 1936.9350729549642 -5255.8489315257339
v 17669.155862345786 1936.9350729549642 -5255.8489315257339
v 17669.155862345786 2036.7944479549642 -5255.8489315257339
v 17669.155862345786 2036.7944479549642 -5255.8489315257339
v 17669.155862345786 2036.7944479549642 -5255.8489315257339
v 16912.813088908286 1936.9350729549642 -5519.2356502757339
v 16912.813088908286 1936.9350729549642 -5519.2356502757339
v 16912.813088908286 1936.9350729549642 -5519.2356502757339
v 16945.655862345786 1936.9350729549642 -5613.5396053538589
v 16945.655862345786 1936.9350729549642 -5613.5396053538589
v 16945.655862345786 1936.9350729549642 -5613.5396053538589
v 16945.655862345786 2036.7944479549642 -5613.5396053538589
v 16945.655862345786 2036.7944479549642 -5613.5396053538589
v 16945.655862345786 2036.7944479549642 -5613.5396053538589
v 17701.995706095786 2036.7944479549642 -5350.1550838694839
v 17701.995706095786 2036.7944479549642 -5350.1550838694839
v 17701.995706095786 2036.7944479549642 -5350.1550838694839
v 16912.813088908286 2036.7944479549642 -5519.2356502757339
v 16912.813088908286 2036.7944479549642 -5519.2356502757339
v 16912.813088908286 2036.7944479549642 -5519.2356502757339
v 16945.655862345786 2464.8227682674642 -5613.5396053538589
v 16945.655862345786 2464.8227682674642 -5613.5396053538589
v 16945.655862345786 2464.8227682674642 -5613.5396053538589
v 16912.813088908286 2464.8227682674642 -5519.2356502757339
v 16912.813088908286 2464.8227682674642 -5519.2356502757339
v 16912.813088908286 2464.8227682674642 -5519.2356502757339
v 16945.655862345786 2364.9624167049642 -5613.5396053538589
v 16945.655862345786 2364.9624167049642 -5613.5396053538589
v 16945.655862345786 2364.9624167049642 -5613.5396053538589
v 17669.155862345786 2464.8227682674642 -5255.8489315257339
v 17669.155862345786 2464.8227682674642 -5255.8489315257339
v 17669.155862345786 2464.8227682674642 -5255.8489315257339
v 17701.995706095786 2464.8227682674642 -5350.1550838694839
v 17701.995706095786 2464.8227682674642 -5350.1550838694839
v 17701.995706095786 2464.8227682674642 -5350.1550838694839
v 16912.813088908286 2364.9624167049642 -5519.2356502757339
v 16912.813088908286 2364.9624167049642 -5519.2356502757339
v 16912.813088908286 2364.9624167049642 -5519.2356502757339
v 17669.155862345786 2364.9624167049642 -5255.8489315257339
v 17669.155862345786 2364.9624167049642 -5255.8489315257339
v 17669.155862345786 2364.9624167049642 -5255.8489315257339
v 17669.155862345786 5789.1850729549642 -5255.8489315257339
v 17669.155862345786 5789.1850729549642 -5255.8489315257339
v 17669.155862345786 5789.1850729549642 -5255.8489315257339
v 17669.155862345786 5889.0454245174642 -5255.8489315257339
v 17669.155862345786 5889.0454245174642 -5255.8489315257339
v 17669.155862345786 5889.0454245174642 -5255.8489315257339
v 16945.655862345786 5789.1850729549642 -5613.5396053538589
v 16945.655862345786 5789.1850729549642 -5613.5396053538589
v 16945.655862345786 5789.1850729549642 -5613.5396053538589
v 16945.655862345786 5889.0454245174642 -5613.5396053538589
v 16945.655862345786 5889.0454245174642 -5613.5396053538589
v 16945.655862345786 5889.0454245174642 -5613.5396053538589
v 17701.995706095786 5889.0454245174642 -5350.1550838694839
v 17701.995706095786 5889.0454245174642 -5350.1550838694839
v 17701.995706095786 5889.0454245174642 -5350.1550838694839
v 16912.813088908286 5889.0454245174642 -5519.2356502757339
v 16912.813088908286 5889.0454245174642 -5519.2356502757339
v 16912.813088908286 5889.0454245174642 -5519.2356502757339
v 16912.813088908286 5789.1850729549642 -5519.2356502757339
v 16912.813088908286 5789.1850729549642 -5519.2356502757339
v 16912.813088908286 5789.1850729549642 -5519.2356502757339
v 17669.155862345786 4077.0737448299642 -5255.8489315257339
v 17669.155862345786 4077.0737448299642 -5255.8489315257339
v 17669.155862345786 4077.0737448299642 -5255.8489315257339
v 16912.813088908286 4077.0737448299642 -5519.2356502757339
v 16912.813088908286 4077.0737448299642 -5519.2356502757339
v 16912.813088908286 4077.0737448299642 -5519.2356502757339
v 16912.813088908286 4176.9340963924642 -5519.2356502757339
v 16912.813088908286 4176.9340963924642 -5519.2356502757339
v 16912.813088908286 4176.9340963924642 -5519.2356502757339
v 16945.655862345786 4077.0737448299642 -5613.5396053538589
v 16945.655862345786 4077.0737448299642 -5613.5396053538589
v 16945.655862345786 4077.0737448299642 -5613.5396053538589
v 16945.655862345786 4176.9340963924642 -5613.5396053538589
v 16945.655862345786 4176.9340963924642 -5613.5396053538589
v 16945.655862345786 4176.9340963924642 -5613.5396053538589
v 17669.155862345786 4176.9340963924642 -5255.8489315257339
v 17669.155862345786 4176.9340963924642 -5255.8489315257339
v 17669.155862345786 4176.9340963924642 -5255.8489315257339
v 17701.995706095786 4176.9340963924642 -5350.1550838694839
v 17701.995706095786 4176.9340963924642 -5350.1550838694839
v 17701.995706095786 4176.9340963924642 -5350.1550838694839
v 17701.995706095786 5361.1567526424642 -5350.1550838694839
v 17701.995706095786 5361.1567526424642 -5350.1550838694839
v 17701.995706095786 5361.1567526424642 -5350.1550838694839
v 16912.813088908286 5461.0171042049642 -5519.2356502757339
v 16912.813088908286 5461.0171042049642 -5519.2356502757339
v 16912.813088908286 5461.0171042049642 -5519.2356502757339
v 16912.813088908286 5361.1567526424642 -5519.2356502757339
v 16912.813088908286 5361.1567526424642 -5519.2356502757339
v 16912.813088908286 5361.1567526424642 -5519.2356502757339
v 17669.155862345786 5361.1567526424642 -5255.8489315257339
v 17669.155862345786 5361.1567526424642 -5255.8489315257339
v 17669.155862345786 5361.1567526424642 -5255.8489315257339
v 16945.655862345786 5461.0171042049642 -5613.5396053538589
v 16945.655862345786 5461.0171042049642 -5613.5396053538589
v 16945.655862345786 5461.0171042049642 -5613.5396053538589
v 17669.155862345786 5461.0171042049642 -5255.8489315257339
v 17669.155862345786 5461.0171042049642 -5255.8489315257339
v 17669.155862345786 5461.0171042049642 -5255.8489315257339
v 17701.995706095786 5461.0171042049642 -5350.1550838694839
v 17701.995706095786 5461.0171042049642 -5350.1550838694839
v 17701.995706095786 5461.0171042049642 -5350.1550838694839
v 16945.655862345786 5361.1567526424642 -5613.5396053538589
v 16945.655862345786 5361.1567526424642 -5613.5396053538589
v 16945.655862345786 5361.1567526424642 -5613.5396053538589
v 17669.155862345786 6217.2124167049642 -5255.8489315257339
v 17669.155862345786 6217.2124167049642 -5255.8489315257339
v 17669.155862345786 6217.2124167049642 -5255.8489315257339
v 16912.813088908286 6217.2124167049642 -5519.2356502757339
v 16912.813088908286 6217.2124167049642 -5519.2356502757339
v 16912.813088908286 6217.2124167049642 -5519.2356502757339
v 16945.655862345786 6317.0727682674642 -5613.5396053538589
v 16945.655862345786 6317.0727682674642 -5613.5396053538589
v 16945.655862345786 6317.0727682674642 -5613.5396053538589
v 16945.655862345786 6217.2124167049642 -5613.5396053538589
v 16945.655862345786 6217.2124167049642 -5613.5396053538589
v 16945.655862345786 6217.2124167049642 -5613.5396053538589
v 16912.813088908286 6317.0727682674642 -5519.2356502757339
v 16912.813088908286 6317.0727682674642 -5519.2356502757339
v 16912.813088908286 6317.0727682674642 -5519.2356502757339
v 17701.995706095786 6317.0727682674642 -5350.1550838694839
v 17701.995706095786 6317.0727682674642 -5350.1550838694839
v 17701.995706095786 6317.0727682674642 -5350.1550838694839
v 17669.155862345786 6317.0727682674642 -5255.8489315257339
v 17669.155862345786 6317.0727682674642 -5255.8489315257339
v 17669.155862345786 6317.0727682674642 -5255.8489315257339
v 17669.155862345786 2892.8501120174642 -5255.8489315257339
v 17669.155862345786 2892.8501120174642 -5255.8489315257339
v 17669.155862345786 2892.8501120174642 -5255.8489315257339
v 16945.655862345786 2892.8501120174642 -5613.5396053538589
v 16945.655862345786 2892.8501120174642 -5613.5396053538589
v 16945.655862345786 2892.8501120174642 -5613.5396053538589
v 16945.655862345786 2792.9907370174642 -5613.5396053538589
v 16945.655862345786 2792.9907370174642 -5613.5396053538589
v 16945.655862345786 2792.9907370174642 -5613.5396053538589
v 16912.813088908286 2892.8501120174642 -5519.2356502757339
v 16912.813088908286 2892.8501120174642 -5519.2356502757339
v 16912.813088908286 2892.8501120174642 -5519.2356502757339
v 16912.813088908286 2792.9907370174642 -5519.2356502757339
v 16912.813088908286 2792.9907370174642 -5519.2356502757339
v 16912.813088908286 2792.9907370174642 -5519.2356502757339
v 17669.155862345786 2792.9907370174642 -5255.8489315257339
v 17669.155862345786 2792.9907370174642 -5255.8489315257339
v 17669.155862345786 2792.9907370174642 -5255.8489315257339
v 17701.995706095786 2892.8501120174642 -5350.1550838694839
v 17701.995706095786 2892.8501120174642 -5350.1550838694839
v 17701.995706095786 2892.8501120174642 -5350.1550838694839
v 17669.155862345786 4505.1010885799642 -5255.8489315257339
v 17669.155862345786 4505.1010885799642 -5255.8489315257339
v 17669.155862345786 4505.1010885799642 -5255.8489315257339
v 16945.655862345786 4505.1010885799642 -5613.5396053538589
v 16945.655862345786 4505.1010885799642 -5613.5396053538589
v 16945.655862345786 4505.1010885799642 -5613.5396053538589
v 16912.813088908286 4604.9604635799642 -5519.2356502757339
v 16912.813088908286 4604.9604635799642 -5519.2356502757339
v 16912.813088908286 4604.9604635799642 -5519.2356502757339
v 17701.995706095786 4604.9604635799642 -5350.1550838694839
v 17701.995706095786 4604.9604635799642 -5350.1550838694839
v 17701.995706095786 4604.9604635799642 -5350.1550838694839
v 16945.655862345786 4604.9604635799642 -5613.5396053538589
v 16945.655862345786 4604.9604635799642 -5613.5396053538589
v 16945.655862345786 4604.9604635799642 -5613.5396053538589
v 17669.155862345786 4604.9604635799642 -5255.8489315257339
v 17669.155862345786 4604.9604635799642 -5255.8489315257339
v 17669.155862345786 4604.9604635799642 -5255.8489315257339
v 16912.813088908286 4505.1010885799642 -5519.2356502757339
v 16912.813088908286 4505.1010885799642 -5519.2356502757339
v 16912.813088908286 4505.1010885799642 -5519.2356502757339
v 17701.995706095786 3748.9057760799642 -5350.1550838694839
v 17701.995706095786 3748.9057760799642 -5350.1550838694839
v 17701.995706095786 3748.9057760799642 -5350.1550838694839
v 16912.813088908286 3649.0464010799642 -5519.2356502757339
v 16912.813088908286 3649.0464010799642 -5519.2356502757339
v 16912.813088908286 3649.0464010799642 -5519.2356502757339
v 16945.655862345786 3748.9057760799642 -5613.5396053538589
v 16945.655862345786 3748.9057760799642 -5613.5396053538589
v 16945.655862345786 3748.9057760799642 -5613.5396053538589
v 17669.155862345786 3649.0464010799642 -5255.8489315257339
v 17669.155862345786 3649.0464010799642 -5255.8489315257339
v 17669.155862345786 3649.0464010799642 -5255.8489315257339
v 17669.155862345786 3748.9057760799642 -5255.8489315257339
v 17669.155862345786 3748.9057760799642 -5255.8489315257339
v 17669.155862345786 3748.9057760799642 -5255.8489315257339
v 16912.813088908286 3748.9057760799642 -5519.2356502757339
v 16912.813088908286 3748.9057760799642 -5519.2356502757339
v 16912.813088908286 3748.9057760799642 -5519.2356502757339
v 16945.655862345786 3649.0464010799642 -5613.5396053538589
v 16945.655862345786 3649.0464010799642 -5613.5396053538589
v 16945.655862345786 3649.0464010799642 -5613.5396053538589
v 16945.655862345786 5032.9887838924642 -5613.5396053538589
v 16945.655862345786 5032.9887838924642 -5613.5396053538589
v 16945.655862345786 5032.9887838924642 -5613.5396053538589
v 17669.155862345786 4933.1294088924642 -5255.8489315257339
v 17669.155862345786 4933.1294088924642 -5255.8489315257339
v 17669.155862345786 4933.1294088924642 -5255.8489315257339
v 16912.813088908286 5032.9887838924642 -5519.2356502757339
v 16912.813088908286 5032.9887838924642 -5519.2356502757339
v 16912.813088908286 5032.9887838924642 -5519.2356502757339
v 17669.155862345786 5032.9887838924642 -5255.8489315257339
v 17669.155862345786 5032.9887838924642 -5255.8489315257339
v 17669.155862345786 5032.9887838924642 -5255.8489315257339
v 17701.995706095786 5032.9887838924642 -5350.1550838694839
v 17701.995706095786 5032.9887838924642 -5350.1550838694839
v 17701.995706095786 5032.9887838924642 -5350.1550838694839
v 16912.813088908286 4933.1294088924642 -5519.2356502757339
v 16912.813088908286 4933.1294088924642 -5519.2356502757339
v 16912.813088908286 4933.1294088924642 -5519.2356502757339
v 16945.655862345786 4933.1294088924642 -5613.5396053538589
v 16945.655862345786 4933.1294088924642 -5613.5396053538589
v 16945.655862345786 4933.1294088924642 -5613.5396053538589
v 16945.655862345786 6745.1001120174642 -5613.5396053538589
v 16945.655862345786 6745.1001120174642 -5613.5396053538589
v 16945.655862345786 6745.1001120174642 -5613.5396053538589
v 16912.813088908286 6745.1001120174642 -5519.2356502757339
v 16912.813088908286 6745.1001120174642 -5519.2356502757339
v 16912.813088908286 6745.1001120174642 -5519.2356502757339
v 17669.155862345786 6745.1001120174642 -5255.8489315257339
v 17669.155862345786 6745.1001120174642 -5255.8489315257339
v 17669.155862345786 6745.1001120174642 -5255.8489315257339
v 17701.995706095786 6745.1001120174642 -5350.1550838694839
v 17701.995706095786 6745.1001120174642 -5350.1550838694839
v 17701.995706095786 6745.1001120174642 -5350.1550838694839
v 16912.813088908286 6645.2407370174642 -5519.2356502757339
v 16912.813088908286 6645.2407370174642 -5519.2356502757339
v 16912.813088908286 6645.2407370174642 -5519.2356502757339
v 17669.155862345786 6645.2407370174642 -5255.8489315257339
v 17669.155862345786 6645.2407370174642 -5255.8489315257339
v 17669.155862345786 6645.2407370174642 -5255.8489315257339
v 16945.655862345786 6645.2407370174642 -5613.5396053538589
v 16945.655862345786 6645.2407370174642 -5613.5396053538589
v 16945.655862345786 6645.2407370174642 -5613.5396053538589
v 17701.995706095786 3221.0190573299642 -5350.1550838694839
v 17701.995706095786 3221.0190573299642 -5350.1550838694839
v 17701.995706095786 3221.0190573299642 -5350.1550838694839
v 17669.155862345786 3221.0190573299642 -5255.8489315257339
v 17669.155862345786 3221.0190573299642 -5255.8489315257339
v 17669.155862345786 3221.0190573299642 -5255.8489315257339
v 17669.155862345786 3320.8784323299642 -5255.8489315257339
v 17669.155862345786 3320.8784323299642 -5255.8489315257339
v 17669.155862345786 3320.8784323299642 -5255.8489315257339
v 16912.813088908286 3221.0190573299642 -5519.2356502757339
v 16912.813088908286 3221.0190573299642 -5519.2356502757339
v 16912.813088908286 3221.0190573299642 -5519.2356502757339
v 16945.655862345786 3221.0190573299642 -5613.5396053538589
v 16945.655862345786 3221.0190573299642 -5613.5396053538589
v 16945.655862345786 3221.0190573299642 -5613.5396053538589
v 16945.655862345786 3320.8784323299642 -5613.5396053538589
v 16945.655862345786 3320.8784323299642 -5613.5396053538589
v 16945.655862345786 3320.8784323299642 -5613.5396053538589
v 17701.995706095786 3320.8784323299642 -5350.1550838694839
v 17701.995706095786 3320.8784323299642 -5350.1550838694839
v 17701.995706095786 3320.8784323299642 -5350.1550838694839
v 16912.813088908286 3320.8784323299642 -5519.2356502757339
v 16912.813088908286 3320.8784323299642 -5519.2356502757339
v 16912.813088908286 3320.8784323299642 -5519.2356502757339
v 16912.813088908286 7073.2671042049642 -5519.2356502757339
v 16912.813088908286 7073.2671042049642 -5519.2356502757339
v 16912.813088908286 7073.2671042049642 -5519.2356502757339
v 17669.155862345786 7073.2671042049642 -5255.8489315257339
v 17669.155862345786 7073.2671042049642 -5255.8489315257339
v 17669.155862345786 7073.2671042049642 -5255.8489315257339
v 16912.813088908286 7173.1274557674642 -5519.2356502757339
v 16912.813088908286 7173.1274557674642 -5519.2356502757339
v 16912.813088908286 7173.1274557674642 -5519.2356502757339
v 16945.655862345786 7173.1274557674642 -5613.5396053538589
v 16945.655862345786 7173.1274557674642 -5613.5396053538589
v 16945.655862345786 7173.1274557674642 -5613.5396053538589
v 17669.155862345786 7173.1274557674642 -5255.8489315257339
v 17669.155862345786 7173.1274557674642 -5255.8489315257339
v 17669.155862345786 7173.1274557674642 -5255.8489315257339
v 17701.995706095786 7173.1274557674642 -5350.1550838694839
v 17701.995706095786 7173.1274557674642 -5350.1550838694839
v 17701.995706095786 7173.1274557674642 -5350.1550838694839
v 16945.655862345786 7073.2671042049642 -5613.5396053538589
v 16945.655862345786 7073.2671042049642 -5613.5396053538589
v 16945.655862345786 7073.2671042049642 -5613.5396053538589
v 16945.655862345786 7601.1557760799642 -5613.5396053538589
v 16945.655862345786 7601.1557760799642 -5613.5396053538589
v 16945.655862345786 7601.1557760799642 -5613.5396053538589
v 16945.655862345786 7501.2954245174642 -5613.5396053538589
v 16945.655862345786 7501.2954245174642 -5613.5396053538589
v 16945.655862345786 7501.2954245174642 -5613.5396053538589
v 17669.155862345786 7601.1557760799642 -5255.8489315257339
v 17669.155862345786 7601.1557760799642 -5255.8489315257339
v 17669.155862345786 7601.1557760799642 -5255.8489315257339
v 17669.155862345786 7501.2954245174642 -5255.8489315257339
v 17669.155862345786 7501.2954245174642 -5255.8489315257339
v 17669.155862345786 7501.2954245174642 -5255.8489315257339
v 17701.995706095786 7601.1557760799642 -5350.1550838694839
v 17701.995706095786 7601.1557760799642 -5350.1550838694839
v 17701.995706095786 7601.1557760799642 -5350.1550838694839
v 16912.813088908286 7601.1557760799642 -5519.2356502757339
v 16912.813088908286 7601.1557760799642 -5519.2356502757339
v 16912.813088908286 7601.1557760799642 -5519.2356502757339
v 16912.813088908286 7501.2954245174642 -5519.2356502757339
v 16912.813088908286 7501.2954245174642 -5519.2356502757339
v 16912.813088908286 7501.2954245174642 -5519.2356502757339
v 16851.347268595786 -2251.1332864200358 -5646.3816463694839
v 16851.347268595786 -2251.1332864200358 -5646.3816463694839
v 16851.347268595786 -2251.1332864200358 -5646.3816463694839
v 17701.995706095786 -2251.1332864200358 -5350.1550838694839
v 17701.995706095786 -2251.1332864200358 -5350.1550838694839
v 17701.995706095786 -2251.1332864200358 -5350.1550838694839
v 17701.995706095786 -1915.3144387637858 -5350.1550838694839
v 17701.995706095786 -1915.3144387637858 -5350.1550838694839
v 17701.995706095786 -1915.3144387637858 -5350.1550838694839
v 17701.995706095786 -1487.2866067325358 -5350.1550838694839
v 17701.995706095786 -1487.2866067325358 -5350.1550838694839
v 17701.995706095786 -1487.2866067325358 -5350.1550838694839
v 17701.995706095786 224.8242331112142 -5350.1550838694839
v 17701.995706095786 224.8242331112142 -5350.1550838694839
v 17701.995706095786 224.8242331112142 -5350.1550838694839
v 17701.995706095786 1080.8798971737142 -5350.1550838694839
v 17701.995706095786 1080.8798971737142 -5350.1550838694839
v 17701.995706095786 1080.8798971737142 -5350.1550838694839
v 17701.995706095786 2364.9624167049642 -5350.1550838694839
v 17701.995706095786 2364.9624167049642 -5350.1550838694839
v 17701.995706095786 2364.9624167049642 -5350.1550838694839
v 17701.995706095786 5789.1850729549642 -5350.1550838694839
v 17701.995706095786 5789.1850729549642 -5350.1550838694839
v 17701.995706095786 5789.1850729549642 -5350.1550838694839
v 17701.995706095786 4077.0737448299642 -5350.1550838694839
v 17701.995706095786 4077.0737448299642 -5350.1550838694839
v 17701.995706095786 4077.0737448299642 -5350.1550838694839
v 17701.995706095786 6217.2124167049642 -5350.1550838694839
v 17701.995706095786 6217.2124167049642 -5350.1550838694839
v 17701.995706095786 6217.2124167049642 -5350.1550838694839
v 17701.995706095786 4505.1010885799642 -5350.1550838694839
v 17701.995706095786 4505.1010885799642 -5350.1550838694839
v 17701.995706095786 4505.1010885799642 -5350.1550838694839
v 17701.995706095786 3649.0464010799642 -5350.1550838694839
v 17701.995706095786 3649.0464010799642 -5350.1550838694839
v 17701.995706095786 3649.0464010799642 -5350.1550838694839
v 17701.995706095786 4933.1294088924642 -5350.1550838694839
v 17701.995706095786 4933.1294088924642 -5350.1550838694839
v 17701.995706095786 4933.1294088924642 -5350.1550838694839
v 17701.995706095786 -631.2314309512858 -5350.1550838694839
v 17701.995706095786 -631.2314309512858 -5350.1550838694839
v 17701.995706095786 -631.2314309512858 -5350.1550838694839
v 17701.995706095786 652.8515768612142 -5350.1550838694839
v 17701.995706095786 652.8515768612142 -5350.1550838694839
v 17701.995706095786 652.8515768612142 -5350.1550838694839
v 17701.995706095786 1936.9350729549642 -5350.1550838694839
v 17701.995706095786 1936.9350729549642 -5350.1550838694839
v 17701.995706095786 1936.9350729549642 -5350.1550838694839
v 17701.995706095786 2792.9907370174642 -5350.1550838694839
v 17701.995706095786 2792.9907370174642 -5350.1550838694839
v 17701.995706095786 2792.9907370174642 -5350.1550838694839
v 17701.995706095786 6645.2407370174642 -5350.1550838694839
v 17701.995706095786 6645.2407370174642 -5350.1550838694839
v 17701.995706095786 6645.2407370174642 -5350.1550838694839
v 17701.995706095786 7073.2671042049642 -5350.1550838694839
v 17701.995706095786 7073.2671042049642 -5350.1550838694839
v 17701.995706095786 7073.2671042049642 -5350.1550838694839
v 17701.995706095786 7501.2954245174642 -5350.1550838694839
v 17701.995706095786 7501.2954245174642 -5350.1550838694839
v 17701.995706095786 7501.2954245174642 -5350.1550838694839
v 17669.152932658286 8882.2417135799642 -5255.8528377757339
v 17669.152932658286 8882.2417135799642 -5255.8528377757339
v 17669.152932658286 8882.2417135799642 -5255.8528377757339
v 17669.152932658286 8782.3813620174642 -5255.8528377757339
v 17669.152932658286 8782.3813620174642 -5255.8528377757339
v 17669.152932658286 8782.3813620174642 -5255.8528377757339
v 17701.992776408286 8782.3813620174642 -5350.1597225413589
v 17701.992776408286 8782.3813620174642 -5350.1597225413589
v 17701.992776408286 8782.3813620174642 -5350.1597225413589
v 17701.992776408286 8882.2417135799642 -5350.1597225413589
v 17701.992776408286 8882.2417135799642 -5350.1597225413589
v 17701.992776408286 8882.2417135799642 -5350.1597225413589
v 16912.810159220786 8782.3813620174642 -5519.2405330882339
v 16912.810159220786 8782.3813620174642 -5519.2405330882339
v 16912.810159220786 8782.3813620174642 -5519.2405330882339
v 16912.810159220786 8882.2417135799642 -5519.2405330882339
v 16912.810159220786 8882.2417135799642 -5519.2405330882339
v 16912.810159220786 8882.2417135799642 -5519.2405330882339
v 16945.652932658286 8882.2417135799642 -5613.5439998851089
v 16945.652932658286 8882.2417135799642 -5613.5439998851089
v 16945.652932658286 8882.2417135799642 -5613.5439998851089
v 16945.652932658286 8782.3813620174642 -5613.5439998851089
v 16945.652932658286 8782.3813620174642 -5613.5439998851089
v 16945.652932658286 8782.3813620174642 -5613.5439998851089
v 17669.152932658286 8454.2133932674642 -5255.8528377757339
v 17669.152932658286 8454.2133932674642 -5255.8528377757339
v 17669.152932658286 8454.2133932674642 -5255.8528377757339
v 17669.152932658286 8354.3530417049642 -5255.8528377757339
v 17669.152932658286 8354.3530417049642 -5255.8528377757339
v 17669.152932658286 8354.3530417049642 -5255.8528377757339
v 17701.992776408286 8354.3530417049642 -5350.1597225413589
v 17701.992776408286 8354.3530417049642 -5350.1597225413589
v 17701.992776408286 8354.3530417049642 -5350.1597225413589
v 17701.992776408286 8454.2133932674642 -5350.1597225413589
v 17701.992776408286 8454.2133932674642 -5350.1597225413589
v 17701.992776408286 8454.2133932674642 -5350.1597225413589
v 16912.810159220786 8354.3530417049642 -5519.2405330882339
v 16912.810159220786 8354.3530417049642 -5519.2405330882339
v 16912.810159220786 8354.3530417049642 -5519.2405330882339
v 16912.810159220786 8454.2133932674642 -5519.2405330882339
v 16912.810159220786 8454.2133932674642 -5519.2405330882339
v 16912.810159220786 8454.2133932674642 -5519.2405330882339
v 16945.652932658286 8454.2133932674642 -5613.5439998851089
v 16945.652932658286 8454.2133932674642 -5613.5439998851089
v 16945.652932658286 8454.2133932674642 -5613.5439998851089
v 16945.652932658286 8354.3530417049642 -5613.5439998851089
v 16945.652932658286 8354.3530417049642 -5613.5439998851089
v 16945.652932658286 8354.3530417049642 -5613.5439998851089
v 17669.152932658286 9310.2690573299642 -5255.8528377757339
v 17669.152932658286 9310.2690573299642 -5255.8528377757339
v 17669.152932658286 9310.2690573299642 -5255.8528377757339
v 17669.152932658286 9210.4087057674642 -5255.8528377757339
v 17669.152932658286 9210.4087057674642 -5255.8528377757339
v 17669.152932658286 9210.4087057674642 -5255.8528377757339
v 17701.992776408286 9210.4087057674642 -5350.1597225413589
v 17701.992776408286 9210.4087057674642 -5350.1597225413589
v 17701.992776408286 9210.4087057674642 -5350.1597225413589
v 17701.992776408286 9310.2690573299642 -5350.1597225413589
v 17701.992776408286 9310.2690573299642 -5350.1597225413589
v 17701.992776408286 9310.2690573299642 -5350.1597225413589
v 16912.810159220786 9210.4087057674642 -5519.2405330882339
v 16912.810159220786 9210.4087057674642 -5519.2405330882339
v 16912.810159220786 9210.4087057674642 -5519.2405330882339
v 16912.810159220786 9310.2690573299642 -5519.2405330882339
v 16912.810159220786 9310.2690573299642 -5519.2405330882339
v 16912.810159220786 9310.2690573299642 -5519.2405330882339
v 16945.652932658286 9310.2690573299642 -5613.5439998851089
v 16945.652932658286 9310.2690573299642 -5613.5439998851089
v 16945.652932658286 9310.2690573299642 -5613.5439998851089
v 16945.652932658286 9210.4087057674642 -5613.5439998851089
v 16945.652932658286 9210.4087057674642 -5613.5439998851089
v 16945.652932658286 9210.4087057674642 -5613.5439998851089
v 17669.152932658286 8026.1850729549642 -5255.8528377757339
v 17669.152932658286 8026.1850729549642 -5255.8528377757339
v 17669.152932658286 8026.1850729549642 -5255.8528377757339
v 17669.152932658286 7926.3256979549642 -5255.8528377757339
v 17669.152932658286 7926.3256979549642 -5255.8528377757339
v 17669.152932658286 7926.3256979549642 -5255.8528377757339
v 17701.992776408286 7926.3256979549642 -5350.1597225413589
v 17701.992776408286 7926.3256979549642 -5350.1597225413589
v 17701.992776408286 7926.3256979549642 -5350.1597225413589
v 17701.992776408286 8026.1850729549642 -5350.1597225413589
v 17701.992776408286 8026.1850729549642 -5350.1597225413589
v 17701.992776408286 8026.1850729549642 -5350.1597225413589
v 16912.810159220786 7926.3256979549642 -5519.2405330882339
v 16912.810159220786 7926.3256979549642 -5519.2405330882339
v 16912.810159220786 7926.3256979549642 -5519.2405330882339
v 16912.810159220786 8026.1850729549642 -5519.2405330882339
v 16912.810159220786 8026.1850729549642 -5519.2405330882339
v 16912.810159220786 8026.1850729549642 -5519.2405330882339
v 16945.652932658286 8026.1850729549642 -5613.5439998851089
v 16945.652932658286 8026.1850729549642 -5613.5439998851089
v 16945.652932658286 8026.1850729549642 -5613.5439998851089
v 16945.652932658286 7926.3256979549642 -5613.5439998851089
v 16945.652932658286 7926.3256979549642 -5613.5439998851089
v 16945.652932658286 7926.3256979549642 -5613.5439998851089
v 17669.152932658286 9738.2964010799642 -5255.8528377757339
v 17669.152932658286 9738.2964010799642 -5255.8528377757339
v 17669.152932658286 9738.2964010799642 -5255.8528377757339
v 17669.152932658286 9638.4370260799642 -5255.8528377757339
v 17669.152932658286 9638.4370260799642 -5255.8528377757339
v 17669.152932658286 9638.4370260799642 -5255.8528377757339
v 17701.992776408286 9638.4370260799642 -5350.1597225413589
v 17701.992776408286 9638.4370260799642 -5350.1597225413589
v 17701.992776408286 9638.4370260799642 -5350.1597225413589
v 17701.992776408286 9738.2964010799642 -5350.1597225413589
v 17701.992776408286 9738.2964010799642 -5350.1597225413589
v 17701.992776408286 9738.2964010799642 -5350.1597225413589
v 16912.810159220786 9638.4370260799642 -5519.2405330882339
v 16912.810159220786 9638.4370260799642 -5519.2405330882339
v 16912.810159220786 9638.4370260799642 -5519.2405330882339
v 16912.810159220786 9738.2964010799642 -5519.2405330882339
v 16912.810159220786 9738.2964010799642 -5519.2405330882339
v 16912.810159220786 9738.2964010799642 -5519.2405330882339
v 16945.652932658286 9738.2964010799642 -5613.5439998851089
v 16945.652932658286 9738.2964010799642 -5613.5439998851089
v 16945.652932658286 9738.2964010799642 -5613.5439998851089
v 16945.652932658286 9638.4370260799642 -5613.5439998851089
v 16945.652932658286 9638.4370260799642 -5613.5439998851089
v 16945.652932658286 9638.4370260799642 -5613.5439998851089
v 17669.152932658286 10166.322768267464 -5255.8528377757339
v 17669.152932658286 10166.322768267464 -5255.8528377757339
v 17669.152932658286 10166.322768267464 -5255.8528377757339
v 17669.152932658286 10066.463393267464 -5255.8528377757339
v 17669.152932658286 10066.463393267464 -5255.8528377757339
v 17669.152932658286 10066.463393267464 -5255.8528377757339
v 17701.992776408286 10066.463393267464 -5350.1597225413589
v 17701.992776408286 10066.463393267464 -5350.1597225413589
v 17701.992776408286 10066.463393267464 -5350.1597225413589
v 17701.992776408286 10166.322768267464 -5350.1597225413589
v 17701.992776408286 10166.322768267464 -5350.1597225413589
v 17701.992776408286 10166.322768267464 -5350.1597225413589
v 16912.810159220786 10066.463393267464 -5519.2405330882339
v 16912.810159220786 10066.463393267464 -5519.2405330882339
v 16912.810159220786 10066.463393267464 -5519.2405330882339
v 16912.810159220786 10166.322768267464 -5519.2405330882339
v 16912.810159220786 10166.322768267464 -5519.2405330882339
v 16912.810159220786 10166.322768267464 -5519.2405330882339
v 16945.652932658286 10166.322768267464 -5613.5439998851089
v 16945.652932658286 10166.322768267464 -5613.5439998851089
v 16945.652932658286 10166.322768267464 -5613.5439998851089
v 16945.652932658286 10066.463393267464 -5613.5439998851089
v 16945.652932658286 10066.463393267464 -5613.5439998851089
v 16945.652932658286 10066.463393267464 -5613.5439998851089
v 17669.152932658286 10594.352065142464 -5255.8528377757339
v 17669.152932658286 10594.352065142464 -5255.8528377757339
v 17669.152932658286 10594.352065142464 -5255.8528377757339
v 17669.152932658286 10494.490737017464 -5255.8528377757339
v 17669.152932658286 10494.490737017464 -5255.8528377757339
v 17669.152932658286 10494.490737017464 -5255.8528377757339
v 17701.992776408286 10494.490737017464 -5350.1597225413589
v 17701.992776408286 10494.490737017464 -5350.1597225413589
v 17701.992776408286 10494.490737017464 -5350.1597225413589
v 17701.992776408286 10594.352065142464 -5350.1597225413589
v 17701.992776408286 10594.352065142464 -5350.1597225413589
v 17701.992776408286 10594.352065142464 -5350.1597225413589
v 16912.810159220786 10494.490737017464 -5519.2405330882339
v 16912.810159220786 10494.490737017464 -5519.2405330882339
v 16912.810159220786 10494.490737017464 -5519.2405330882339
v 16912.810159220786 10594.352065142464 -5519.2405330882339
v 16912.810159220786 10594.352065142464 -5519.2405330882339
v 16912.810159220786 10594.352065142464 -5519.2405330882339
v 16945.652932658286 10594.352065142464 -5613.5439998851089
v 16945.652932658286 10594.352065142464 -5613.5439998851089
v 16945.652932658286 10594.352065142464 -5613.5439998851089
v 16945.652932658286 10494.490737017464 -5613.5439998851089
v 16945.652932658286 10494.490737017464 -5613.5439998851089
v 16945.652932658286 10494.490737017464 -5613.5439998851089
vt 0 2.4800000190734863
vt -3.1542129516601563 0
vt 0 0
vt -3.1542129516601563 0
vt 0 0
vt 3.1542129516601563 0
vt 3.1542129516601563 0
vt 0 38.610000610351563
vt 3.1542129516601563 38.610000610351563
vt 0 2.4800000190734863
vt -3.1542129516601563 38.610000610351563
vt 0 38.610000610351563
vt 0 0
vt 0 38.610000610351563
vt 0 38.610000610351563
vt -3.1542129516601563 2.4800000190734863
vt 3.1542129516601563 0
vt -3.1542129516601563 0
vt 3.1542129516601563 2.4800000190734863
vt 3.1542129516601563 38.610000610351563
vt -3.1542129516601563 38.610000610351563
vt -3.1542129516601563 2.4800000190734863
vt 3.1542129516601563 0
vt -3.1542129516601563 0
vt -3.1542129516601563 0
vt 0 0
vt 3.1542129516601563 0
vt 0 0
vt 0 38.610000610351563
vt 0 38.610000610351563
vt 3.1542129516601563 2.4800000190734863
vt 3.1542129516601563 38.610000610351563
vt -3.1542129516601563 38.610000610351563
vt 0 2.4800000190734863
vt -3.1542129516601563 38.610000610351563
vt 0 38.610000610351563
vt 3.1542129516601563 0
vt 0 38.610000610351563
vt 3.1542129516601563 38.610000610351563
vt 0 2.4800000190734863
vt -3.1542129516601563 0
vt 0 0
vt 3.1542129516601563 19.889999389648438
vt 3.1542129516601563 0
vt 0 19.889999389648438
vt 0 19.889999389648438
vt 0 2.4800000190734863
vt -3.1542129516601563 19.889999389648438
vt -3.1542129516601563 19.889999389648438
vt 3.1542129516601563 2.4800000190734863
vt 3.1542129516601563 19.889999389648438
vt -3.1542129516601563 0
vt -3.1542129516601563 2.4800000190734863
vt 3.1542129516601563 0
vt 0 0
vt 0 2.4800000190734863
vt -3.1542129516601563 0
vt 3.1542129516601563 0
vt -3.1542129516601563 0
vt 0 0
vt 0 19.889999389648438
vt 0 0
vt 0 19.889999389648438
vt 3.1542129516601563 19.889999389648438
vt 3.1542129516601563 0
vt 0 19.889999389648438
vt 0 19.889999389648438
vt 0 2.4800000190734863
vt -3.1542129516601563 19.889999389648438
vt 0 19.889999389648438
vt 0 0
vt 0 19.889999389648438
vt -3.1542129516601563 0
vt -3.1542129516601563 2.4800000190734863
vt 3.1542129516601563 0
vt 3.1542129516601563 0
vt -3.1542129516601563 0
vt 0 0
vt -3.1542129516601563 19.889999389648438
vt 3.1542129516601563 2.4800000190734863
vt 3.1542129516601563 19.889999389648438
vt 0 0
vt 0 2.4800000190734863
vt -3.1542129516601563 0
vt -3.1542129516601563 0
vt -3.1542129516601563 2.4800000190734863
vt 3.1542129516601563 0
vt 0 0
vt 0 0
vt 0 0
vt 3.1542129516601563 19.889999389648438
vt 3.1542129516601563 0
vt 0 19.889999389648438
vt 0 19.889999389648438
vt 0 0
vt 0 19.889999389648438
vt -3.1542129516601563 19.889999389648438
vt 3.1542129516601563 2.4800000190734863
vt 3.1542129516601563 19.889999389648438
vt 0 0
vt 0 2.4800000190734863
vt -3.1542129516601563 0
vt 0 19.889999389648438
vt 0 2.4800000190734863
vt -3.1542129516601563 19.889999389648438
vt 3.1542129516601563 0
vt -3.1542129516601563 0
vt 0 0
vt -3.1542129516601563 0
vt -3.1542129516601563 2.4800000190734863
vt 3.1542129516601563 0
vt 0 0
vt 0 2.4800000190734863
vt -3.1542129516601563 0
vt 3.1542129516601563 0
vt -3.1542129516601563 0
vt 0 0
vt -3.1542129516601563 19.889999389648438
vt 3.1542129516601563 2.4800000190734863
vt 3.1542129516601563 19.889999389648438
vt 0 19.889999389648438
vt 0 0
vt 0 19.889999389648438
vt 0 19.889999389648438
vt 0 2.4800000190734863
vt -3.1542129516601563 19.889999389648438
vt 3.1542129516601563 19.889999389648438
vt 3.1542129516601563 0
vt 0 19.889999389648438
vt 0 0
vt 0 0
vt 0 0
vt -3.1542129516601563 19.889999389648438
vt 3.1542129516601563 2.4800000190734863
vt 3.1542129516601563 19.889999389648438
vt -3.1542129516601563 0
vt -3.1542129516601563 2.4800000190734863
vt 3.1542129516601563 0
vt 3.1542129516601563 19.889999389648438
vt 3.1542129516601563 0
vt 0 19.889999389648438
vt 3.1542129516601563 0
vt -3.1542129516601563 0
vt 0 0
vt 0 19.889999389648438
vt 0 0
vt 0 19.889999389648438
vt 0 0
vt 0 2.4800000190734863
vt -3.1542129516601563 0
vt 0 19.889999389648438
vt 0 2.4800000190734863
vt -3.1542129516601563 19.889999389648438
vt 0 0
vt 0 2.4800000190734863
vt -3.1542129516601563 0
vt 0 19.889999389648438
vt 0 2.4800000190734863
vt -3.1542129516601563 19.889999389648438
vt 0 19.889999389648438
vt 0 0
vt 0 19.889999389648438
vt 3.1542129516601563 19.889999389648438
vt 3.1542129516601563 0
vt 0 19.889999389648438
vt 3.1542129516601563 0
vt -3.1542129516601563 0
vt 0 0
vt -3.1542129516601563 19.889999389648438
vt 3.1542129516601563 2.4800000190734863
vt 3.1542129516601563 19.889999389648438
vt -3.1542129516601563 0
vt -3.1542129516601563 2.4800000190734863
vt 3.1542129516601563 0
vt -3.1542129516601563 19.889999389648438
vt 3.1542129516601563 2.4800000190734863
vt 3.1542129516601563 19.889999389648438
vt -3.1542129516601563 0
vt -3.1542129516601563 2.4800000190734863
vt 3.1542129516601563 0
vt 3.1542129516601563 19.889999389648438
vt 3.1542129516601563 0
vt 0 19.889999389648438
vt 3.1542129516601563 0
vt -3.1542129516601563 0
vt 0 0
vt 0 19.889999389648438
vt 0 2.4800000190734863
vt -3.1542129516601563 19.889999389648438
vt 0 0
vt 0 2.4800000190734863
vt -3.1542129516601563 0
vt 0 19.889999389648438
vt 0 0
vt 0 19.889999389648438
vt 3.1542129516601563 0
vt -3.1542129516601563 0
vt 0 0
vt 3.1542129516601563 19.889999389648438
vt 3.1542129516601563 0
vt 0 19.889999389648438
vt 0 19.889999389648438
vt 0 0
vt 0 19.889999389648438
vt -3.1542129516601563 0
vt -3.1542129516601563 2.4800000190734863
vt 3.1542129516601563 0
vt -3.1542129516601563 19.889999389648438
vt 3.1542129516601563 2.4800000190734863
vt 3.1542129516601563 19.889999389648438
vt 0 19.889999389648438
vt 0 2.4800000190734863
vt -3.1542129516601563 19.889999389648438
vt 0 0
vt 0 2.4800000190734863
vt -3.1542129516601563 0
vt 0 0
vt 0 0
vt 0 0
vt 0 0
vt 0 2.4800000190734863
vt -3.1542129516601563 0
vt 3.1542129516601563 0
vt -3.1542129516601563 0
vt 0 0
vt 3.1542129516601563 19.889999389648438
vt 3.1542129516601563 0
vt 0 19.889999389648438
vt -3.1542129516601563 19.889999389648438
vt 3.1542129516601563 2.4800000190734863
vt 3.1542129516601563 19.889999389648438
vt 0 19.889999389648438
vt 0 0
vt 0 19.889999389648438
vt 0 19.889999389648438
vt 0 2.4800000190734863
vt -3.1542129516601563 19.889999389648438
vt -3.1542129516601563 0
vt -3.1542129516601563 2.4800000190734863
vt 3.1542129516601563 0
vt 3.1542129516601563 0
vt -3.1542129516601563 0
vt 0 0
vt -3.1542129516601563 0
vt -3.1542129516601563 2.4800000190734863
vt 3.1542129516601563 0
vt 3.1542129516601563 19.889999389648438
vt 3.1542129516601563 0
vt 0 19.889999389648438
vt 0 19.889999389648438
vt 0 0
vt 0 19.889999389648438
vt 0 19.889999389648438
vt 0 2.4800000190734863
vt -3.1542129516601563 19.889999389648438
vt 0 0
vt 0 2.4800000190734863
vt -3.1542129516601563 0
vt -3.1542129516601563 19.889999389648438
vt 3.1542129516601563 2.4800000190734863
vt 3.1542129516601563 19.889999389648438
vt 0 19.889999389648438
vt 0 2.4800000190734863
vt -3.1542129516601563 19.889999389648438
vt -3.1542129516601563 19.889999389648438
vt 3.1542129516601563 2.4800000190734863
vt 3.1542129516601563 19.889999389648438
vt 0 19.889999389648438
vt 0 0
vt 0 19.889999389648438
vt -3.1542129516601563 0
vt -3.1542129516601563 2.4800000190734863
vt 3.1542129516601563 0
vt 0 0
vt 0 2.4800000190734863
vt -3.1542129516601563 0
vt 3.1542129516601563 19.889999389648438
vt 3.1542129516601563 0
vt 0 19.889999389648438
vt 3.1542129516601563 0
vt -3.1542129516601563 0
vt 0 0
vt 3.1542129516601563 0
vt -3.1542129516601563 0
vt 0 0
vt -3.1542129516601563 0
vt -3.1542129516601563 2.4800000190734863
vt 3.1542129516601563 0
vt 0 19.889999389648438
vt 0 0
vt 0 19.889999389648438
vt 0 19.889999389648438
vt 0 2.4800000190734863
vt -3.1542129516601563 19.889999389648438
vt 0 0
vt 0 2.4800000190734863
vt -3.1542129516601563 0
vt -3.1542129516601563 19.889999389648438
vt 3.1542129516601563 2.4800000190734863
vt 3.1542129516601563 19.889999389648438
vt 3.1542129516601563 19.889999389648438
vt 3.1542129516601563 0
vt 0 19.889999389648438
vt 3.1542129516601563 0
vt -3.1542129516601563 0
vt 0 0
vt 3.1542129516601563 19.889999389648438
vt 3.1542129516601563 0
vt 0 19.889999389648438
vt -3.1542129516601563 19.889999389648438
vt 3.1542129516601563 2.4800000190734863
vt 3.1542129516601563 19.889999389648438
vt 0 19.889999389648438
vt 0 0
vt 0 19.889999389648438
vt 0 19.889999389648438
vt 0 2.4800000190734863
vt -3.1542129516601563 19.889999389648438
vt -3.1542129516601563 0
vt -3.1542129516601563 2.4800000190734863
vt 3.1542129516601563 0
vt 0 0
vt 0 2.4800000190734863
vt -3.1542129516601563 0
vt 0 0
vt 0 0
vt 0 0
vt -3.1542129516601563 19.889999389648438
vt 3.1542129516601563 2.4800000190734863
vt 3.1542129516601563 19.889999389648438
vt 3.1542129516601563 19.889999389648438
vt 3.1542129516601563 0
vt 0 19.889999389648438
vt 3.1542129516601563 0
vt -3.1542129516601563 0
vt 0 0
vt 0 19.889999389648438
vt 0 2.4800000190734863
vt -3.1542129516601563 19.889999389648438
vt -3.1542129516601563 0
vt -3.1542129516601563 2.4800000190734863
vt 3.1542129516601563 0
vt 0 0
vt 0 2.4800000190734863
vt -3.1542129516601563 0
vt 0 19.889999389648438
vt 0 0
vt 0 19.889999389648438
vt 3.1542129516601563 0
vt -3.1542129516601563 0
vt 0 0
vt 3.1542129516601563 19.889999389648438
vt 3.1542129516601563 0
vt 0 19.889999389648438
vt 0 19.889999389648438
vt 0 2.4800000190734863
vt -3.1542129516601563 19.889999389648438
vt 0 19.889999389648438
vt 0 0
vt 0 19.889999389648438
vt -3.1542129516601563 19.889999389648438
vt 3.1542129516601563 2.4800000190734863
vt 3.1542129516601563 19.889999389648438
vt 0 0
vt 0 2.4800000190734863
vt -3.1542129516601563 0
vt -3.1542129516601563 0
vt -3.1542129516601563 2.4800000190734863
vt 3.1542129516601563 0
vt -3.1542129516601563 0
vt -3.1542129516601563 2.4800000190734863
vt 3.1542129516601563 0
vt 0 19.889999389648438
vt 0 2.4800000190734863
vt -3.1542129516601563 19.889999389648438
vt 0 19.889999389648438
vt 0 0
vt 0 19.889999389648438
vt -3.1542129516601563 19.889999389648438
vt 3.1542129516601563 2.4800000190734863
vt 3.1542129516601563 19.889999389648438
vt 3.1542129516601563 19.889999389648438
vt 3.1542129516601563 0
vt 0 19.889999389648438
vt 3.1542129516601563 0
vt -3.1542129516601563 0
vt 0 0
vt 0 0
vt 0 2.4800000190734863
vt -3.1542129516601563 0
vt 3.1542129516601563 0
vt -3.1542129516601563 0
vt 0 0
vt 0 19.889999389648438
vt 0 0
vt 0 19.889999389648438
vt -3.1542129516601563 19.889999389648438
vt 3.1542129516601563 2.4800000190734863
vt 3.1542129516601563 19.889999389648438
vt 0 0
vt 0 2.4800000190734863
vt -3.1542129516601563 0
vt 0 19.889999389648438
vt 0 2.4800000190734863
vt -3.1542129516601563 19.889999389648438
vt -3.1542129516601563 0
vt -3.1542129516601563 2.4800000190734863
vt 3.1542129516601563 0
vt 3.1542129516601563 19.889999389648438
vt 3.1542129516601563 0
vt 0 19.889999389648438
vt 0 0
vt 0 2.4800000190734863
vt -3.1542129516601563 0
vt 3.1542129516601563 19.889999389648438
vt 3.1542129516601563 0
vt 0 19.889999389648438
vt 0 19.889999389648438
vt 0 2.4800000190734863
vt -3.1542129516601563 19.889999389648438
vt 3.1542129516601563 0
vt -3.1542129516601563 0
vt 0 0
vt -3.1542129516601563 0
vt -3.1542129516601563 2.4800000190734863
vt 3.1542129516601563 0
vt -3.1542129516601563 19.889999389648438
vt 3.1542129516601563 2.4800000190734863
vt 3.1542129516601563 19.889999389648438
vt 0 19.889999389648438
vt 0 0
vt 0 19.889999389648438
vt 0 19.889999389648438
vt 0 2.4800000190734863
vt -3.1542129516601563 19.889999389648438
vt 3.1542129516601563 0
vt -3.1542129516601563 0
vt 0 0
vt -3.1542129516601563 19.889999389648438
vt 3.1542129516601563 2.4800000190734863
vt 3.1542129516601563 19.889999389648438
vt -3.1542129516601563 0
vt -3.1542129516601563 2.4800000190734863
vt 3.1542129516601563 0
vt 0 0
vt 0 2.4800000190734863
vt -3.1542129516601563 0
vt 3.1542129516601563 19.889999389648438
vt 3.1542129516601563 0
vt 0 19.889999389648438
vt 0 19.889999389648438
vt 0 0
vt 0 19.889999389648438
vt 0 19.889999389648438
vt 0 2.4800000190734863
vt -3.1542129516601563 19.889999389648438
vt -3.1542129516601563 19.889999389648438
vt 3.1542129516601563 2.4800000190734863
vt 3.1542129516601563 19.889999389648438
vt -3.1542129516601563 0
vt -3.1542129516601563 2.4800000190734863
vt 3.1542129516601563 0
vt 0 0
vt 0 2.4800000190734863
vt -3.1542129516601563 0
vt 3.1542129516601563 19.889999389648438
vt 3.1542129516601563 0
vt 0 19.889999389648438
vt 3.1542129516601563 0
vt -3.1542129516601563 0
vt 0 0
vt 0 19.889999389648438
vt 0 0
vt 0 19.889999389648438
vt 0 0
vt 0 0
vt 0 0
vt 3.1542129516601563 0
vt -3.1542129516601563 0
vt 0 0
vt -3.1542129516601563 0
vt -3.1542129516601563 2.4800000190734863
vt 3.1542129516601563 0
vt 3.1542129516601563 19.889999389648438
vt 3.1542129516601563 0
vt 0 19.889999389648438
vt 0 19.889999389648438
vt 0 0
vt 0 19.889999389648438
vt 0 19.889999389648438
vt 0 2.4800000190734863
vt -3.1542129516601563 19.889999389648438
vt 0 0
vt 0 2.4800000190734863
vt -3.1542129516601563 0
vt -3.1542129516601563 19.889999389648438
vt 3.1542129516601563 2.4800000190734863
vt 3.1542129516601563 19.889999389648438
vt 3.1542129516601563 19.889999389648438
vt 3.1542129516601563 0
vt 0 19.889999389648438
vt 3.1542129516601563 0
vt -3.1542129516601563 0
vt 0 0
vt -3.1542129516601563 19.889999389648438
vt 3.1542129516601563 2.4800000190734863
vt 3.1542129516601563 19.889999389648438
vt 0 19.889999389648438
vt 0 2.4800000190734863
vt -3.1542129516601563 19.889999389648438
vt -3.1542129516601563 0
vt -3.1542129516601563 2.4800000190734863
vt 3.1542129516601563 0
vt 0 0
vt 0 2.4800000190734863
vt -3.1542129516601563 0
vt 0 19.889999389648438
vt 0 0
vt 0 19.889999389648438
vt 0 19.889999389648438
vt 0 2.4800000190734863
vt -3.1542129516601563 19.889999389648438
vt 0 19.889999389648438
vt 0 0
vt 0 19.889999389648438
vt -3.1542129516601563 0
vt -3.1542129516601563 2.4800000190734863
vt 3.1542129516601563 0
vt 3.1542129516601563 0
vt -3.1542129516601563 0
vt 0 0
vt 0 0
vt 0 2.4800000190734863
vt -3.1542129516601563 0
vt -3.1542129516601563 19.889999389648438
vt 3.1542129516601563 2.4800000190734863
vt 3.1542129516601563 19.889999389648438
vt 3.1542129516601563 19.889999389648438
vt 3.1542129516601563 0
vt 0 19.889999389648438
vt 0 0
vt 0 0
vt 0 0
vt 0 0
vt 0 0
vt 0 0
vt 0 0
vt 0 0
vt 0 0
vt 0 0
vt 0 0
vt 0 0
vt 0 0
vt 0 0
vt 0 0
vt 0 0
vt 0 0
vt 0 0
vt 0 0
vt 0 0
vt 0 0
vt 0 0
vt 0 0
vt 0 0
vt 0 0
vt 0 0
vt 0 0
vt 0 0
vt 0 0
vt 0 0
vt 0 0
vt 0 0
vt 0 0
vt 0 0
vt 0 0
vt 0 0
vt 0 0
vt 0 0
vt 0 0
vt 0 0
vt 0 0
vt 0 0
vt 0 0
vt 0 0
vt 0 0
vt 0 0
vt 0 0
vt 0 0
vt 0 0
vt 0 0
vt 0 0
vt 0 0
vt 0 0
vt 0 0
vt 0 0
vt 0 0
vt 0 0
vt 0 0
vt 0 0
vt 0 0
vt -3.1542129516601563 0
vt -3.1542129516601563 2.4800000190734863
vt 3.1542129516601563 0
vt 3.1542129516601563 0
vt -3.1542129516601563 0
vt 0 0
vt 0 0
vt 0 0
vt 0 0
vt 0 0
vt 0 2.4800000190734863
vt -3.1542129516601563 0
vt 3.1542129516601563 19.889999389648438
vt 3.1542129516601563 0
vt 0 19.889999389648438
vt -3.1542129516601563 19.889999389648438
vt 3.1542129516601563 2.4800000190734863
vt 3.1542129516601563 19.889999389648438
vt 0 19.889999389648438
vt 0 2.4800000190734863
vt -3.1542129516601563 19.889999389648438
vt 0 19.889999389648438
vt 0 0
vt 0 19.889999389648438
vt -3.1542129516601563 0
vt -3.1542129516601563 2.4800000190734863
vt 3.1542129516601563 0
vt 3.1542129516601563 0
vt -3.1542129516601563 0
vt 0 0
vt 0 0
vt 0 0
vt 0 0
vt 0 0
vt 0 2.4800000190734863
vt -3.1542129516601563 0
vt 3.1542129516601563 19.889999389648438
vt 3.1542129516601563 0
vt 0 19.889999389648438
vt -3.1542129516601563 19.889999389648438
vt 3.1542129516601563 2.4800000190734863
vt 3.1542129516601563 19.889999389648438
vt 0 19.889999389648438
vt 0 2.4800000190734863
vt -3.1542129516601563 19.889999389648438
vt 0 19.889999389648438
vt 0 0
vt 0 19.889999389648438
vt -3.1542129516601563 0
vt -3.1542129516601563 2.4800000190734863
vt 3.1542129516601563 0
vt 3.1542129516601563 0
vt -3.1542129516601563 0
vt 0 0
vt 0 0
vt 0 0
vt 0 0
vt 0 0
vt 0 2.4800000190734863
vt -3.1542129516601563 0
vt 3.1542129516601563 19.889999389648438
vt 3.1542129516601563 0
vt 0 19.889999389648438
vt -3.1542129516601563 19.889999389648438
vt 3.1542129516601563 2.4800000190734863
vt 3.1542129516601563 19.889999389648438
vt 0 19.889999389648438
vt 0 2.4800000190734863
vt -3.1542129516601563 19.889999389648438
vt 0 19.889999389648438
vt 0 0
vt 0 19.889999389648438
vt -3.1542129516601563 0
vt -3.1542129516601563 2.4800000190734863
vt 3.1542129516601563 0
vt 3.1542129516601563 0
vt -3.1542129516601563 0
vt 0 0
vt 0 0
vt 0 0
vt 0 0
vt 0 0
vt 0 2.4800000190734863
vt -3.1542129516601563 0
vt 3.1542129516601563 19.889999389648438
vt 3.1542129516601563 0
vt 0 19.889999389648438
vt -3.1542129516601563 19.889999389648438
vt 3.1542129516601563 2.4800000190734863
vt 3.1542129516601563 19.889999389648438
vt 0 19.889999389648438
vt 0 2.4800000190734863
vt -3.1542129516601563 19.889999389648438
vt 0 19.889999389648438
vt 0 0
vt 0 19.889999389648438
vt -3.1542129516601563 0
vt -3.1542129516601563 2.4800000190734863
vt 3.1542129516601563 0
vt 3.1542129516601563 0
vt -3.1542129516601563 0
vt 0 0
vt 0 0
vt 0 0
vt 0 0
vt 0 0
vt 0 2.4800000190734863
vt -3.1542129516601563 0
vt 3.1542129516601563 19.889999389648438
vt 3.1542129516601563 0
vt 0 19.889999389648438
vt -3.1542129516601563 19.889999389648438
vt 3.1542129516601563 2.4800000190734863
vt 3.1542129516601563 19.889999389648438
vt 0 19.889999389648438
vt 0 2.4800000190734863
vt -3.1542129516601563 19.889999389648438
vt 0 19.889999389648438
vt 0 0
vt 0 19.889999389648438
vt -3.1542129516601563 0
vt -3.1542129516601563 2.4800000190734863
vt 3.1542129516601563 0
vt 3.1542129516601563 0
vt -3.1542129516601563 0
vt 0 0
vt 0 0
vt 0 0
vt 0 0
vt 0 0
vt 0 2.4800000190734863
vt -3.1542129516601563 0
vt 3.1542129516601563 19.889999389648438
vt 3.1542129516601563 0
vt 0 19.889999389648438
vt -3.1542129516601563 19.889999389648438
vt 3.1542129516601563 2.4800000190734863
vt 3.1542129516601563 19.889999389648438
vt 0 19.889999389648438
vt 0 2.4800000190734863
vt -3.1542129516601563 19.889999389648438
vt 0 19.889999389648438
vt 0 0
vt 0 19.889999389648438
vt -3.1542129516601563 0
vt -3.1542129516601563 2.4800000190734863
vt 3.1542129516601563 0
vt 3.1542129516601563 0
vt -3.1542129516601563 0
vt 0 0
vt 0 0
vt 0 0
vt 0 0
vt 0 0
vt 0 2.4800000190734863
vt -3.1542129516601563 0
vt 3.1542129516601563 19.889999389648438
vt 3.1542129516601563 0
vt 0 19.889999389648438
vt -3.1542129516601563 19.889999389648438
vt 3.1542129516601563 2.4800000190734863
vt 3.1542129516601563 19.889999389648438
vt 0 19.889999389648438
vt 0 2.4800000190734863
vt -3.1542129516601563 19.889999389648438
vt 0 19.889999389648438
vt 0 0
vt 0 19.889999389648438
vn 0 -1 0
vn 0.32887774705886841 -3.6042359852217487E-07 -0.94437253475189209
vn 0.94436001777648926 7.8524109881072945E-08 0.32891365885734558
vn 0 -1 0
vn -0.32884520292282104 2.6840172040465404E-07 0.94438385963439941
vn -0.9443809986114502 5.2162889119244937E-08 -0.32885342836380005
vn 0 1 0
vn -0.32884520292282104 2.6840172040465404E-07 0.94438385963439941
vn -0.9443809986114502 5.2162889119244937E-08 -0.32885342836380005
vn 0 1 0
vn 0.32887774705886841 -3.6042359852217487E-07 -0.94437253475189209
vn 0.94436001777648926 7.8524109881072945E-08 0.32891365885734558
vn 0 1 0
vn 0.32887774705886841 -3.6042359852217487E-07 -0.94437253475189209
vn -0.9443809986114502 5.2162889119244937E-08 -0.32885342836380005
vn 0 -1 0
vn -0.32884520292282104 2.6840172040465404E-07 0.94438385963439941
vn 0.94436001777648926 7.8524109881072945E-08 0.32891365885734558
vn 0 1 0
vn -0.32884520292282104 2.6840172040465404E-07 0.94438385963439941
vn 0.94436001777648926 7.8524109881072945E-08 0.32891365885734558
vn 0 -1 0
vn -0.32885804772377014 2.9642049526046321E-07 0.94437938928604126
vn 0.94434374570846558 9.9168318001829903E-08 0.3289603590965271
vn 0 -1 0
vn -0.32885804772377014 2.9642049526046321E-07 0.94437938928604126
vn -0.94438350200653076 3.910479051683069E-08 -0.32884609699249268
vn 0 1 0
vn 0.32887017726898193 -4.2902109953502077E-07 -0.94437515735626221
vn -0.94438350200653076 3.910479051683069E-08 -0.32884609699249268
vn 0 1 0
vn -0.32885804772377014 2.9642049526046321E-07 0.94437938928604126
vn 0.94434374570846558 9.9168318001829903E-08 0.3289603590965271
vn 0 1 0
vn 0.32887017726898193 -4.2902109953502077E-07 -0.94437515735626221
vn 0.94434374570846558 9.9168318001829903E-08 0.3289603590965271
vn 0 1 0
vn -0.32885804772377014 2.9642049526046321E-07 0.94437938928604126
vn -0.94438350200653076 3.910479051683069E-08 -0.32884609699249268
vn 0 -1 0
vn 0.32887017726898193 -4.2902109953502077E-07 -0.94437515735626221
vn 0.94434374570846558 9.9168318001829903E-08 0.3289603590965271
vn 0 -1 0
vn -0.94436711072921753 0 -0.32889330387115479
vn -0.32886680960655212 0 0.94437628984451294
vn 0 1 0
vn -0.94436711072921753 0 -0.32889330387115479
vn 0.32886582612991333 0 -0.94437664747238159
vn 0 1 0
vn -0.94436711072921753 0 -0.32889330387115479
vn -0.32886680960655212 0 0.94437628984451294
vn 0 1 0
vn 0.9443851113319397 0 0.32884159684181213
vn -0.32886680960655212 0 0.94437628984451294
vn 0 1 0
vn 0.9443851113319397 0 0.32884159684181213
vn 0.32886582612991333 0 -0.94437664747238159
vn 0 -1 0
vn 0.9443851113319397 0 0.32884159684181213
vn -0.32886680960655212 0 0.94437628984451294
vn 0 -1 0
vn -0.94436711072921753 0 -0.32889330387115479
vn 0.32886582612991333 0 -0.94437664747238159
vn 0 -1 0
vn -0.94436711072921753 0 -0.32889330387115479
vn -0.32886680960655212 0 0.94437628984451294
vn 0 1 0
vn -0.94436711072921753 0 -0.32889330387115479
vn 0.32886582612991333 0 -0.94437664747238159
vn 0 -1 0
vn -0.94436711072921753 0 -0.32889330387115479
vn 0.32886582612991333 0 -0.94437664747238159
vn 0 1 0
vn 0.9443851113319397 0 0.32884159684181213
vn -0.32886680960655212 0 0.94437628984451294
vn 0 -1 0
vn 0.9443851113319397 0 0.32884159684181213
vn -0.32886680960655212 0 0.94437628984451294
vn 0 1 0
vn -0.94436711072921753 0 -0.32889330387115479
vn -0.32886680960655212 0 0.94437628984451294
vn 0 1 0
vn 0.9443851113319397 0 0.32884159684181213
vn 0.32886582612991333 0 -0.94437664747238159
vn 0 1 0
vn 0.9443851113319397 0 0.32884159684181213
vn -0.32886680960655212 0 0.94437628984451294
vn 0 -1 0
vn 0.9443851113319397 0 0.32884159684181213
vn 0.32886582612991333 0 -0.94437664747238159
vn 0 -1 0
vn -0.94436711072921753 0 -0.32889330387115479
vn -0.32886680960655212 0 0.94437628984451294
vn 0 -1 0
vn -0.94436711072921753 0 -0.32889330387115479
vn 0.32886582612991333 0 -0.94437664747238159
vn 0 1 0
vn -0.94436711072921753 0 -0.32889330387115479
vn -0.32886680960655212 0 0.94437628984451294
vn 0 1 0
vn 0.9443851113319397 0 0.32884159684181213
vn 0.32886582612991333 0 -0.94437664747238159
vn 0 1 0
vn -0.94436711072921753 0 -0.32889330387115479
vn 0.32886582612991333 0 -0.94437664747238159
vn 0 -1 0
vn 0.9443851113319397 0 0.32884159684181213
vn -0.32886680960655212 0 0.94437628984451294
vn 0 1 0
vn 0.9443851113319397 0 0.32884159684181213
vn -0.32886680960655212 0 0.94437628984451294
vn 0 1 0
vn 0.9443851113319397 0 0.32884159684181213
vn 0.32886582612991333 0 -0.94437664747238159
vn 0 -1 0
vn 0.9443851113319397 0 0.32884159684181213
vn -0.32886680960655212 0 0.94437628984451294
vn 0 1 0
vn -0.94436711072921753 0 -0.32889330387115479
vn -0.32886680960655212 0 0.94437628984451294
vn 0 -1 0
vn -0.94436711072921753 0 -0.32889330387115479
vn 0.32886582612991333 0 -0.94437664747238159
vn 0 1 0
vn -0.94436711072921753 0 -0.32889330387115479
vn 0.32886582612991333 0 -0.94437664747238159
vn 0 -1 0
vn -0.94436711072921753 0 -0.32889330387115479
vn -0.32886680960655212 0 0.94437628984451294
vn 0 -1 0
vn 0.9443851113319397 0 0.32884159684181213
vn 0.32886579632759094 0 -0.94437664747238159
vn 0 1 0
vn -0.94436711072921753 0 -0.32889324426651001
vn -0.32886680960655212 0 0.94437628984451294
vn 0 1 0
vn 0.9443851113319397 0 0.32884159684181213
vn -0.32886680960655212 0 0.94437628984451294
vn 0 -1 0
vn -0.94436711072921753 0 -0.32889324426651001
vn -0.32886680960655212 0 0.94437628984451294
vn 0 -1 0
vn 0.9443851113319397 0 0.32884159684181213
vn -0.32886680960655212 0 0.94437628984451294
vn 0 -1 0
vn -0.94436711072921753 0 -0.32889324426651001
vn 0.32886579632759094 0 -0.94437664747238159
vn 0 1 0
vn 0.9443851113319397 0 0.32884159684181213
vn 0.32886579632759094 0 -0.94437664747238159
vn 0 1 0
vn -0.94436711072921753 0 -0.32889324426651001
vn 0.32886579632759094 0 -0.94437664747238159
vn 0 1 0
vn 0.9443851113319397 0 0.32884159684181213
vn 0.32886582612991333 0 -0.94437664747238159
vn 0 1 0
vn -0.94436711072921753 0 -0.32889330387115479
vn 0.32886582612991333 0 -0.94437664747238159
vn 0 -1 0
vn -0.94436711072921753 0 -0.32889330387115479
vn 0.32886582612991333 0 -0.94437664747238159
vn 0 -1 0
vn -0.94436711072921753 0 -0.32889330387115479
vn -0.32886680960655212 0 0.94437628984451294
vn 0 -1 0
vn 0.9443851113319397 0 0.32884159684181213
vn -0.32886680960655212 0 0.94437628984451294
vn 0 1 0
vn -0.94436711072921753 0 -0.32889330387115479
vn -0.32886680960655212 0 0.94437628984451294
vn 0 1 0
vn 0.9443851113319397 0 0.32884159684181213
vn -0.32886680960655212 0 0.94437628984451294
vn 0 1 0
vn -0.94436711072921753 0 -0.32889324426651001
vn -0.32886680960655212 0 0.94437628984451294
vn 0 1 0
vn 0.9443851113319397 0 0.32884159684181213
vn -0.32886680960655212 0 0.94437628984451294
vn 0 -1 0
vn -0.94436711072921753 0 -0.32889324426651001
vn -0.32886680960655212 0 0.94437628984451294
vn 0 -1 0
vn 0.9443851113319397 0 0.32884159684181213
vn -0.32886680960655212 0 0.94437628984451294
vn 0 1 0
vn -0.94436711072921753 0 -0.32889324426651001
vn 0.32886579632759094 0 -0.94437664747238159
vn 0 1 0
vn 0.9443851113319397 0 0.32884159684181213
vn 0.32886579632759094 0 -0.94437664747238159
vn 0 -1 0
vn -0.94436711072921753 0 -0.32889324426651001
vn 0.32886579632759094 0 -0.94437664747238159
vn 0 -1 0
vn 0.9443851113319397 0 0.32884159684181213
vn -0.32886680960655212 0 0.94437628984451294
vn 0 -1 0
vn -0.94436711072921753 0 -0.32889330387115479
vn -0.32886680960655212 0 0.94437628984451294
vn 0 -1 0
vn -0.94436711072921753 0 -0.32889330387115479
vn 0.32886582612991333 0 -0.94437664747238159
vn 0 1 0
vn 0.9443851113319397 0 0.32884159684181213
vn -0.32886680960655212 0 0.94437628984451294
vn 0 1 0
vn -0.94436711072921753 0 -0.32889330387115479
vn -0.32886680960655212 0 0.94437628984451294
vn 0 1 0
vn -0.94436711072921753 0 -0.32889330387115479
vn 0.32886582612991333 0 -0.94437664747238159
vn 0 1 0
vn 0.9443851113319397 0 0.32884159684181213
vn 0.32886582612991333 0 -0.94437664747238159
vn 0 -1 0
vn 0.9443851113319397 0 0.32884159684181213
vn 0.32886582612991333 0 -0.94437664747238159
vn 0 1 0
vn 0.9443851113319397 0 0.32884159684181213
vn 0.32886582612991333 0 -0.94437664747238159
vn 0 -1 0
vn 0.9443851113319397 0 0.32884159684181213
vn -0.32886680960655212 0 0.94437628984451294
vn 0 -1 0
vn -0.94436711072921753 0 -0.32889330387115479
vn -0.32886680960655212 0 0.94437628984451294
vn 0 1 0
vn -0.94436711072921753 0 -0.32889330387115479
vn -0.32886680960655212 0 0.94437628984451294
vn 0 -1 0
vn -0.94436711072921753 0 -0.32889330387115479
vn 0.32886582612991333 0 -0.94437664747238159
vn 0 1 0
vn -0.94436711072921753 0 -0.32889330387115479
vn 0.32886582612991333 0 -0.94437664747238159
vn 0 1 0
vn 0.9443851113319397 0 0.32884159684181213
vn -0.32886680960655212 0 0.94437628984451294
vn 0 -1 0
vn 0.9443851113319397 0 0.32884159684181213
vn -0.32886680960655212 0 0.94437628984451294
vn 0 1 0
vn 0.9443851113319397 0 0.32884159684181213
vn -0.32886680960655212 0 0.94437628984451294
vn 0 -1 0
vn -0.94436711072921753 0 -0.32889330387115479
vn -0.32886680960655212 0 0.94437628984451294
vn 0 -1 0
vn -0.94436711072921753 0 -0.32889330387115479
vn 0.32886582612991333 0 -0.94437664747238159
vn 0 1 0
vn -0.94436711072921753 0 -0.32889330387115479
vn 0.32886582612991333 0 -0.94437664747238159
vn 0 1 0
vn 0.9443851113319397 0 0.32884159684181213
vn 0.32886582612991333 0 -0.94437664747238159
vn 0 1 0
vn -0.94436711072921753 0 -0.32889330387115479
vn -0.32886680960655212 0 0.94437628984451294
vn 0 1 0
vn -0.94436711072921753 0 -0.32889330387115479
vn 0.32886582612991333 0 -0.94437664747238159
vn 0 1 0
vn -0.94436711072921753 0 -0.32889330387115479
vn -0.32886680960655212 0 0.94437628984451294
vn 0 -1 0
vn -0.94436711072921753 0 -0.32889330387115479
vn 0.32886582612991333 0 -0.94437664747238159
vn 0 1 0
vn 0.9443851113319397 0 0.32884159684181213
vn -0.32886680960655212 0 0.94437628984451294
vn 0 1 0
vn 0.9443851113319397 0 0.32884159684181213
vn 0.32886582612991333 0 -0.94437664747238159
vn 0 -1 0
vn -0.94436711072921753 0 -0.32889330387115479
vn -0.32886680960655212 0 0.94437628984451294
vn 0 -1 0
vn 0.9443851113319397 0 0.32884159684181213
vn -0.32886680960655212 0 0.94437628984451294
vn 0 -1 0
vn 0.9443851113319397 0 0.32884159684181213
vn -0.32886680960655212 0 0.94437628984451294
vn 0 1 0
vn 0.9443851113319397 0 0.32884159684181213
vn -0.32886680960655212 0 0.94437628984451294
vn 0 -1 0
vn -0.94436711072921753 0 -0.32889330387115479
vn 0.32886582612991333 0 -0.94437664747238159
vn 0 1 0
vn -0.94436711072921753 0 -0.32889330387115479
vn 0.32886582612991333 0 -0.94437664747238159
vn 0 1 0
vn 0.9443851113319397 0 0.32884159684181213
vn 0.32886582612991333 0 -0.94437664747238159
vn 0 1 0
vn -0.94436711072921753 0 -0.32889330387115479
vn -0.32886680960655212 0 0.94437628984451294
vn 0 -1 0
vn -0.94436711072921753 0 -0.32889330387115479
vn -0.32886680960655212 0 0.94437628984451294
vn 0 -1 0
vn 0.9443851113319397 0 0.32884159684181213
vn -0.32886683940887451 0 0.94437628984451294
vn 0 -1 0
vn -0.94436711072921753 0 -0.3288932740688324
vn -0.32886683940887451 0 0.94437628984451294
vn 0 1 0
vn -0.94436711072921753 0 -0.3288932740688324
vn -0.32886683940887451 0 0.94437628984451294
vn 0 -1 0
vn -0.94436711072921753 0 -0.3288932740688324
vn 0.32886585593223572 0 -0.94437664747238159
vn 0 1 0
vn -0.94436711072921753 0 -0.3288932740688324
vn 0.32886585593223572 0 -0.94437664747238159
vn 0 1 0
vn 0.9443851113319397 0 0.32884159684181213
vn -0.32886683940887451 0 0.94437628984451294
vn 0 1 0
vn 0.9443851113319397 0 0.32884159684181213
vn 0.32886585593223572 0 -0.94437664747238159
vn 0 -1 0
vn 0.9443851113319397 0 0.32884159684181213
vn 0.32886585593223572 0 -0.94437664747238159
vn 0 1 0
vn -0.94436711072921753 0 -0.3288932740688324
vn -0.32886683940887451 0 0.94437628984451294
vn 0 -1 0
vn -0.94436711072921753 0 -0.3288932740688324
vn -0.32886683940887451 0 0.94437628984451294
vn 0 -1 0
vn 0.9443851113319397 0 0.32884159684181213
vn -0.32886683940887451 0 0.94437628984451294
vn 0 1 0
vn -0.94436711072921753 0 -0.3288932740688324
vn 0.32886585593223572 0 -0.94437664747238159
vn 0 1 0
vn 0.9443851113319397 0 0.32884159684181213
vn -0.32886683940887451 0 0.94437628984451294
vn 0 1 0
vn 0.9443851113319397 0 0.32884159684181213
vn 0.32886585593223572 0 -0.94437664747238159
vn 0 -1 0
vn -0.94436711072921753 0 -0.3288932740688324
vn 0.32886585593223572 0 -0.94437664747238159
vn 0 -1 0
vn 0.9443851113319397 0 0.32884159684181213
vn -0.32886680960655212 0 0.94437628984451294
vn 0 -1 0
vn -0.94436711072921753 0 -0.32889330387115479
vn -0.32886680960655212 0 0.94437628984451294
vn 0 1 0
vn -0.94436711072921753 0 -0.32889330387115479
vn 0.32886582612991333 0 -0.94437664747238159
vn 0 -1 0
vn -0.94436711072921753 0 -0.32889330387115479
vn 0.32886582612991333 0 -0.94437664747238159
vn 0 1 0
vn -0.94436711072921753 0 -0.32889330387115479
vn -0.32886680960655212 0 0.94437628984451294
vn 0 1 0
vn 0.9443851113319397 0 0.32884159684181213
vn 0.32886582612991333 0 -0.94437664747238159
vn 0 1 0
vn 0.9443851113319397 0 0.32884159684181213
vn -0.32886680960655212 0 0.94437628984451294
vn 0 1 0
vn 0.9443851113319397 0 0.32884159684181213
vn -0.32886680960655212 0 0.94437628984451294
vn 0 1 0
vn -0.94436711072921753 0 -0.32889330387115479
vn 0.32886582612991333 0 -0.94437664747238159
vn 0 -1 0
vn -0.94436711072921753 0 -0.32889330387115479
vn 0.32886582612991333 0 -0.94437664747238159
vn 0 1 0
vn -0.94436711072921753 0 -0.32889330387115479
vn -0.32886680960655212 0 0.94437628984451294
vn 0 -1 0
vn -0.94436711072921753 0 -0.32889330387115479
vn -0.32886680960655212 0 0.94437628984451294
vn 0 -1 0
vn 0.9443851113319397 0 0.32884159684181213
vn -0.32886680960655212 0 0.94437628984451294
vn 0 1 0
vn 0.9443851113319397 0 0.32884159684181213
vn 0.32886582612991333 0 -0.94437664747238159
vn 0 -1 0
vn 0.9443851113319397 0 0.32884159684181213
vn -0.32886680960655212 0 0.94437628984451294
vn 0 -1 0
vn -0.94436711072921753 0 -0.32889330387115479
vn 0.32886582612991333 0 -0.94437664747238159
vn 0 1 0
vn -0.94436711072921753 0 -0.32889330387115479
vn -0.32886680960655212 0 0.94437628984451294
vn 0 1 0
vn 0.9443851113319397 0 0.32884159684181213
vn 0.32886582612991333 0 -0.94437664747238159
vn 0 1 0
vn -0.94436711072921753 0 -0.32889330387115479
vn 0.32886582612991333 0 -0.94437664747238159
vn 0 1 0
vn 0.9443851113319397 0 0.32884159684181213
vn -0.32886680960655212 0 0.94437628984451294
vn 0 -1 0
vn -0.94436711072921753 0 -0.32889330387115479
vn -0.32886680960655212 0 0.94437628984451294
vn 0 1 0
vn 0.9443851113319397 0 0.32884159684181213
vn 0.32886579632759094 0 -0.94437664747238159
vn 0 -1 0
vn -0.94436711072921753 0 -0.32889324426651001
vn -0.32886683940887451 0 0.94437628984451294
vn 0 1 0
vn -0.94436711072921753 0 -0.32889324426651001
vn 0.32886579632759094 0 -0.94437664747238159
vn 0 -1 0
vn 0.9443851113319397 0 0.32884159684181213
vn -0.32886683940887451 0 0.94437628984451294
vn 0 1 0
vn 0.9443851113319397 0 0.32884159684181213
vn -0.32886683940887451 0 0.94437628984451294
vn 0 1 0
vn -0.94436711072921753 0 -0.32889324426651001
vn -0.32886683940887451 0 0.94437628984451294
vn 0 -1 0
vn -0.94436711072921753 0 -0.32889324426651001
vn 0.32886579632759094 0 -0.94437664747238159
vn 0 1 0
vn -0.94436711072921753 0 -0.32889330387115479
vn 0.32886582612991333 0 -0.94437664747238159
vn 0 -1 0
vn 0.9443851113319397 0 0.32884159684181213
vn -0.32886680960655212 0 0.94437628984451294
vn 0 1 0
vn -0.94436711072921753 0 -0.32889330387115479
vn -0.32886680960655212 0 0.94437628984451294
vn 0 1 0
vn 0.9443851113319397 0 0.32884159684181213
vn -0.32886680960655212 0 0.94437628984451294
vn 0 1 0
vn 0.9443851113319397 0 0.32884159684181213
vn 0.32886582612991333 0 -0.94437664747238159
vn 0 -1 0
vn -0.94436711072921753 0 -0.32889330387115479
vn -0.32886680960655212 0 0.94437628984451294
vn 0 -1 0
vn -0.94436711072921753 0 -0.32889330387115479
vn 0.32886582612991333 0 -0.94437664747238159
vn 0 1 0
vn -0.94436711072921753 0 -0.32889330387115479
vn 0.32886582612991333 0 -0.94437664747238159
vn 0 1 0
vn -0.94436711072921753 0 -0.32889330387115479
vn -0.32886680960655212 0 0.94437628984451294
vn 0 1 0
vn 0.9443851113319397 0 0.32884159684181213
vn -0.32886680960655212 0 0.94437628984451294
vn 0 1 0
vn 0.9443851113319397 0 0.32884159684181213
vn 0.32886582612991333 0 -0.94437664747238159
vn 0 -1 0
vn -0.94436711072921753 0 -0.32889330387115479
vn -0.32886680960655212 0 0.94437628984451294
vn 0 -1 0
vn 0.9443851113319397 0 0.32884159684181213
vn -0.32886680960655212 0 0.94437628984451294
vn 0 -1 0
vn -0.94436711072921753 0 -0.32889330387115479
vn 0.32886582612991333 0 -0.94437664747238159
vn 0 -1 0
vn 0.9443851113319397 0 0.32884159684181213
vn 0.32886579632759094 0 -0.94437664747238159
vn 0 -1 0
vn 0.9443851113319397 0 0.32884159684181213
vn -0.32886683940887451 0 0.94437628984451294
vn 0 1 0
vn 0.9443851113319397 0 0.32884159684181213
vn -0.32886683940887451 0 0.94437628984451294
vn 0 -1 0
vn -0.94436711072921753 0 -0.32889324426651001
vn -0.32886683940887451 0 0.94437628984451294
vn 0 -1 0
vn -0.94436711072921753 0 -0.32889324426651001
vn 0.32886579632759094 0 -0.94437664747238159
vn 0 1 0
vn -0.94436711072921753 0 -0.32889324426651001
vn 0.32886579632759094 0 -0.94437664747238159
vn 0 1 0
vn 0.9443851113319397 0 0.32884159684181213
vn 0.32886579632759094 0 -0.94437664747238159
vn 0 1 0
vn -0.94436711072921753 0 -0.32889324426651001
vn -0.32886683940887451 0 0.94437628984451294
vn 0 -1 0
vn -0.94436711072921753 0 -0.3288932740688324
vn -0.32886683940887451 0 0.94437628984451294
vn 0 -1 0
vn 0.9443851113319397 0 0.32884159684181213
vn -0.32886683940887451 0 0.94437628984451294
vn 0 1 0
vn -0.94436711072921753 0 -0.3288932740688324
vn -0.32886683940887451 0 0.94437628984451294
vn 0 1 0
vn -0.94436711072921753 0 -0.3288932740688324
vn 0.32886585593223572 0 -0.94437664747238159
vn 0 1 0
vn 0.9443851113319397 0 0.32884159684181213
vn -0.32886683940887451 0 0.94437628984451294
vn 0 1 0
vn 0.9443851113319397 0 0.32884159684181213
vn 0.32886585593223572 0 -0.94437664747238159
vn 0 -1 0
vn -0.94436711072921753 0 -0.3288932740688324
vn 0.32886585593223572 0 -0.94437664747238159
vn 0 1 0
vn -0.94436711072921753 0 -0.3288932740688324
vn 0.32886585593223572 0 -0.94437664747238159
vn 0 -1 0
vn -0.94436711072921753 0 -0.3288932740688324
vn 0.32886585593223572 0 -0.94437664747238159
vn 0 1 0
vn 0.9443851113319397 0 0.32884159684181213
vn -0.32886683940887451 0 0.94437628984451294
vn 0 -1 0
vn 0.9443851113319397 0 0.32884159684181213
vn -0.32886683940887451 0 0.94437628984451294
vn 0 1 0
vn 0.9443851113319397 0 0.32884159684181213
vn 0.32886585593223572 0 -0.94437664747238159
vn 0 1 0
vn -0.94436711072921753 0 -0.3288932740688324
vn -0.32886683940887451 0 0.94437628984451294
vn 0 -1 0
vn -0.94436711072921753 0 -0.3288932740688324
vn -0.32886683940887451 0 0.94437628984451294
vn 0 -1 0
vn 0.32887774705886841 -3.6042359852217487E-07 -0.94437253475189209
vn -0.9443809986114502 5.2162889119244937E-08 -0.32885342836380005
vn 0 -1 0
vn 0.32887017726898193 -4.2902109953502077E-07 -0.94437515735626221
vn -0.94438350200653076 3.910479051683069E-08 -0.32884609699249268
vn 0 -1 0
vn 0.9443851113319397 0 0.32884159684181213
vn 0.32886582612991333 0 -0.94437664747238159
vn 0 -1 0
vn 0.9443851113319397 0 0.32884159684181213
vn 0.32886582612991333 0 -0.94437664747238159
vn 0 -1 0
vn 0.9443851113319397 0 0.32884159684181213
vn 0.32886582612991333 0 -0.94437664747238159
vn 0 -1 0
vn 0.9443851113319397 0 0.32884159684181213
vn 0.32886582612991333 0 -0.94437664747238159
vn 0 -1 0
vn 0.9443851113319397 0 0.32884159684181213
vn 0.32886582612991333 0 -0.94437664747238159
vn 0 -1 0
vn 0.9443851113319397 0 0.32884159684181213
vn 0.32886582612991333 0 -0.94437664747238159
vn 0 -1 0
vn 0.9443851113319397 0 0.32884159684181213
vn 0.32886585593223572 0 -0.94437664747238159
vn 0 -1 0
vn 0.9443851113319397 0 0.32884159684181213
vn 0.32886582612991333 0 -0.94437664747238159
vn 0 -1 0
vn 0.9443851113319397 0 0.32884159684181213
vn 0.32886582612991333 0 -0.94437664747238159
vn 0 -1 0
vn 0.9443851113319397 0 0.32884159684181213
vn 0.32886579632759094 0 -0.94437664747238159
vn 0 -1 0
vn 0.9443851113319397 0 0.32884159684181213
vn 0.32886582612991333 0 -0.94437664747238159
vn 0 -1 0
vn 0.9443851113319397 0 0.32884159684181213
vn 0.32886582612991333 0 -0.94437664747238159
vn 0 -1 0
vn 0.9443851113319397 0 0.32884159684181213
vn 0.32886579632759094 0 -0.94437664747238159
vn 0 -1 0
vn 0.9443851113319397 0 0.32884159684181213
vn 0.32886582612991333 0 -0.94437664747238159
vn 0 -1 0
vn 0.9443851113319397 0 0.32884159684181213
vn 0.32886582612991333 0 -0.94437664747238159
vn 0 -1 0
vn 0.9443851113319397 0 0.32884159684181213
vn 0.32886582612991333 0 -0.94437664747238159
vn 0 -1 0
vn 0.9443851113319397 0 0.32884159684181213
vn 0.32886585593223572 0 -0.94437664747238159
vn 0 -1 0
vn 0.9443851113319397 0 0.32884159684181213
vn 0.32886585593223572 0 -0.94437664747238159
vn 0 1 0
vn 0.9443819522857666 0 0.32885059714317322
vn -0.32886818051338196 0 0.94437581300735474
vn 0 -1 0
vn 0.9443819522857666 0 0.32885059714317322
vn -0.32886818051338196 0 0.94437581300735474
vn 0 -1 0
vn 0.9443819522857666 0 0.32885059714317322
vn 0.32886567711830139 0 -0.94437670707702637
vn 0 1 0
vn 0.9443819522857666 0 0.32885059714317322
vn 0.32886567711830139 0 -0.94437670707702637
vn 0 -1 0
vn -0.94436675310134888 0 -0.3288942277431488
vn -0.32886818051338196 0 0.94437581300735474
vn 0 1 0
vn -0.94436675310134888 0 -0.3288942277431488
vn -0.32886818051338196 0 0.94437581300735474
vn 0 1 0
vn -0.94436675310134888 0 -0.3288942277431488
vn 0.32886567711830139 0 -0.94437670707702637
vn 0 -1 0
vn -0.94436675310134888 0 -0.3288942277431488
vn 0.32886567711830139 0 -0.94437670707702637
vn 0 1 0
vn 0.9443819522857666 0 0.32885059714317322
vn -0.32886818051338196 0 0.94437581300735474
vn 0 -1 0
vn 0.9443819522857666 0 0.32885059714317322
vn -0.32886818051338196 0 0.94437581300735474
vn 0 -1 0
vn 0.9443819522857666 0 0.32885059714317322
vn 0.32886567711830139 0 -0.94437670707702637
vn 0 1 0
vn 0.9443819522857666 0 0.32885059714317322
vn 0.32886567711830139 0 -0.94437670707702637
vn 0 -1 0
vn -0.94436675310134888 0 -0.3288942277431488
vn -0.32886818051338196 0 0.94437581300735474
vn 0 1 0
vn -0.94436675310134888 0 -0.3288942277431488
vn -0.32886818051338196 0 0.94437581300735474
vn 0 1 0
vn -0.94436675310134888 0 -0.3288942277431488
vn 0.32886567711830139 0 -0.94437670707702637
vn 0 -1 0
vn -0.94436675310134888 0 -0.3288942277431488
vn 0.32886567711830139 0 -0.94437670707702637
vn 0 1 0
vn 0.9443819522857666 0 0.32885059714317322
vn -0.32886818051338196 0 0.94437581300735474
vn 0 -1 0
vn 0.9443819522857666 0 0.32885059714317322
vn -0.32886818051338196 0 0.94437581300735474
vn 0 -1 0
vn 0.9443819522857666 0 0.32885059714317322
vn 0.32886567711830139 0 -0.94437670707702637
vn 0 1 0
vn 0.9443819522857666 0 0.32885059714317322
vn 0.32886567711830139 0 -0.94437670707702637
vn 0 -1 0
vn -0.94436675310134888 0 -0.3288942277431488
vn -0.32886818051338196 0 0.94437581300735474
vn 0 1 0
vn -0.94436675310134888 0 -0.3288942277431488
vn -0.32886818051338196 0 0.94437581300735474
vn 0 1 0
vn -0.94436675310134888 0 -0.3288942277431488
vn 0.32886567711830139 0 -0.94437670707702637
vn 0 -1 0
vn -0.94436675310134888 0 -0.3288942277431488
vn 0.32886567711830139 0 -0.94437670707702637
vn 0 1 0
vn 0.9443819522857666 0 0.32885056734085083
vn -0.32886815071105957 0 0.94437587261199951
vn 0 -1 0
vn 0.9443819522857666 0 0.32885056734085083
vn -0.32886815071105957 0 0.94437587261199951
vn 0 -1 0
vn 0.9443819522857666 0 0.32885056734085083
vn 0.32886561751365662 0 -0.94437670707702637
vn 0 1 0
vn 0.9443819522857666 0 0.32885056734085083
vn 0.32886561751365662 0 -0.94437670707702637
vn 0 -1 0
vn -0.94436675310134888 0 -0.3288942277431488
vn -0.32886815071105957 0 0.94437587261199951
vn 0 1 0
vn -0.94436675310134888 0 -0.3288942277431488
vn -0.32886815071105957 0 0.94437587261199951
vn 0 1 0
vn -0.94436675310134888 0 -0.3288942277431488
vn 0.32886561751365662 0 -0.94437670707702637
vn 0 -1 0
vn -0.94436675310134888 0 -0.3288942277431488
vn 0.32886561751365662 0 -0.94437670707702637
vn 0 1 0
vn 0.9443819522857666 0 0.32885056734085083
vn -0.32886815071105957 0 0.94437587261199951
vn 0 -1 0
vn 0.9443819522857666 0 0.32885056734085083
vn -0.32886815071105957 0 0.94437587261199951
vn 0 -1 0
vn 0.9443819522857666 0 0.32885056734085083
vn 0.32886561751365662 0 -0.94437670707702637
vn 0 1 0
vn 0.9443819522857666 0 0.32885056734085083
vn 0.32886561751365662 0 -0.94437670707702637
vn 0 -1 0
vn -0.94436675310134888 0 -0.3288942277431488
vn -0.32886815071105957 0 0.94437587261199951
vn 0 1 0
vn -0.94436675310134888 0 -0.3288942277431488
vn -0.32886815071105957 0 0.94437587261199951
vn 0 1 0
vn -0.94436675310134888 0 -0.3288942277431488
vn 0.32886561751365662 0 -0.94437670707702637
vn 0 -1 0
vn -0.94436675310134888 0 -0.3288942277431488
vn 0.32886561751365662 0 -0.94437670707702637
vn 0 1 0
vn 0.9443819522857666 0 0.32885056734085083
vn -0.32886815071105957 0 0.94437587261199951
vn 0 -1 0
vn 0.9443819522857666 0 0.32885056734085083
vn -0.32886815071105957 0 0.94437587261199951
vn 0 -1 0
vn 0.9443819522857666 0 0.32885056734085083
vn 0.32886561751365662 0 -0.94437670707702637
vn 0 1 0
vn 0.9443819522857666 0 0.32885056734085083
vn 0.32886561751365662 0 -0.94437670707702637
vn 0 -1 0
vn -0.94436675310134888 0 -0.3288942277431488
vn -0.32886815071105957 0 0.94437587261199951
vn 0 1 0
vn -0.94436675310134888 0 -0.3288942277431488
vn -0.32886815071105957 0 0.94437587261199951
vn 0 1 0
vn -0.94436675310134888 0 -0.3288942277431488
vn 0.32886561751365662 0 -0.94437670707702637
vn 0 -1 0
vn -0.94436675310134888 0 -0.3288942277431488
vn 0.32886561751365662 0 -0.94437670707702637
vn 0 1 0
vn 0.9443819522857666 0 0.32885059714317322
vn -0.32886818051338196 0 0.94437581300735474
vn 0 -1 0
vn 0.9443819522857666 0 0.32885059714317322
vn -0.32886818051338196 0 0.94437581300735474
vn 0 -1 0
vn 0.9443819522857666 0 0.32885059714317322
vn 0.32886567711830139 0 -0.94437670707702637
vn 0 1 0
vn 0.9443819522857666 0 0.32885059714317322
vn 0.32886567711830139 0 -0.94437670707702637
vn 0 -1 0
vn -0.94436675310134888 0 -0.3288942277431488
vn -0.32886818051338196 0 0.94437581300735474
vn 0 1 0
vn -0.94436675310134888 0 -0.3288942277431488
vn -0.32886818051338196 0 0.94437581300735474
vn 0 1 0
vn -0.94436675310134888 0 -0.3288942277431488
vn 0.32886567711830139 0 -0.94437670707702637
vn 0 -1 0
vn -0.94436675310134888 0 -0.3288942277431488
vn 0.32886567711830139 0 -0.94437670707702637
f 16/16/16 4/4/4 541/541/541 1/1/1
f 7/7/7 19/19/19 10/10/10 13/13/13
f 17/17/17 20/20/20 8/8/8 5/5/5
f 11/11/11 2/2/2 542/542/542 14/14/14
f 12/12/12 21/21/21 18/18/18 3/3/3
f 9/9/9 15/15/15 543/543/543 6/6/6
f 22/22/22 25/25/25 544/544/544 40/40/40
f 28/28/28 37/37/37 31/31/31 34/34/34
f 23/23/23 32/32/32 38/38/38 26/26/26
f 35/35/35 41/41/41 545/545/545 29/29/29
f 36/36/36 33/33/33 24/24/24 42/42/42
f 39/39/39 30/30/30 546/546/546 27/27/27
f 53/53/53 59/59/59 548/548/548 56/56/56
f 44/44/44 50/50/50 47/47/47 62/62/62
f 54/54/54 51/51/51 45/45/45 60/60/60
f 63/63/63 48/48/48 57/57/57 549/549/549
f 46/46/46 49/49/49 52/52/52 55/55/55
f 43/43/43 61/61/61 547/547/547 58/58/58
f 74/74/74 77/77/77 551/551/551 83/83/83
f 65/65/65 80/80/80 68/68/68 71/71/71
f 75/75/75 81/81/81 66/66/66 78/78/78
f 72/72/72 69/69/69 84/84/84 552/552/552
f 67/67/67 79/79/79 73/73/73 82/82/82
f 64/64/64 70/70/70 550/550/550 76/76/76
f 86/86/86 107/107/107 89/89/89 101/101/101
f 92/92/92 98/98/98 104/104/104 95/95/95
f 87/87/87 99/99/99 93/93/93 108/108/108
f 96/96/96 105/105/105 102/102/102 90/90/90
f 103/103/103 97/97/97 85/85/85 100/100/100
f 91/91/91 94/94/94 88/88/88 106/106/106
f 110/110/110 116/116/116 581/581/581 113/113/113
f 128/128/128 119/119/119 125/125/125 122/122/122
f 111/111/111 120/120/120 129/129/129 117/117/117
f 123/123/123 126/126/126 114/114/114 582/582/582
f 124/124/124 118/118/118 109/109/109 112/112/112
f 127/127/127 121/121/121 580/580/580 115/115/115
f 137/137/137 143/143/143 131/131/131 149/149/149
f 140/140/140 134/134/134 152/152/152 146/146/146
f 138/138/138 135/135/135 141/141/141 144/144/144
f 147/147/147 153/153/153 150/150/150 132/132/132
f 151/151/151 133/133/133 136/136/136 148/148/148
f 139/139/139 145/145/145 130/130/130 142/142/142
f 173/173/173 167/167/167 554/554/554 155/155/155
f 164/164/164 170/170/170 158/158/158 161/161/161
f 174/174/174 171/171/171 165/165/165 168/168/168
f 162/162/162 159/159/159 156/156/156 555/555/555
f 157/157/157 169/169/169 172/172/172 154/154/154
f 163/163/163 160/160/160 553/553/553 166/166/166
f 179/179/179 185/185/185 584/584/584 191/191/191
f 182/182/182 176/176/176 188/188/188 194/194/194
f 180/180/180 177/177/177 183/183/183 186/186/186
f 195/195/195 189/189/189 192/192/192 585/585/585
f 187/187/187 175/175/175 178/178/178 190/190/190
f 181/181/181 193/193/193 583/583/583 184/184/184
f 206/206/206 197/197/197 557/557/557 215/215/215
f 200/200/200 209/209/209 212/212/212 203/203/203
f 207/207/207 210/210/210 201/201/201 198/198/198
f 204/204/204 213/213/213 216/216/216 558/558/558
f 211/211/211 208/208/208 205/205/205 214/214/214
f 199/199/199 202/202/202 556/556/556 196/196/196
f 239/239/239 224/224/224 218/218/218 221/221/221
f 227/227/227 230/230/230 236/236/236 233/233/233
f 240/240/240 231/231/231 228/228/228 225/225/225
f 234/234/234 237/237/237 222/222/222 219/219/219
f 235/235/235 229/229/229 238/238/238 220/220/220
f 226/226/226 232/232/232 217/217/217 223/223/223
f 245/245/245 242/242/242 587/587/587 257/257/257
f 248/248/248 260/260/260 254/254/254 251/251/251
f 246/246/246 261/261/261 249/249/249 243/243/243
f 252/252/252 255/255/255 258/258/258 588/588/588
f 253/253/253 259/259/259 244/244/244 256/256/256
f 247/247/247 250/250/250 586/586/586 241/241/241
f 272/272/272 281/281/281 560/560/560 275/275/275
f 278/278/278 266/266/266 263/263/263 269/269/269
f 273/273/273 267/267/267 279/279/279 282/282/282
f 270/270/270 264/264/264 276/276/276 561/561/561
f 262/262/262 265/265/265 271/271/271 274/274/274
f 277/277/277 268/268/268 559/559/559 280/280/280
f 287/287/287 284/284/284 563/563/563 296/296/296
f 302/302/302 299/299/299 293/293/293 290/290/290
f 288/288/288 300/300/300 303/303/303 285/285/285
f 291/291/291 294/294/294 297/297/297 564/564/564
f 292/292/292 298/298/298 286/286/286 295/295/295
f 301/301/301 289/289/289 562/562/562 283/283/283
f 320/320/320 305/305/305 566/566/566 323/323/323
f 308/308/308 311/311/311 317/317/317 314/314/314
f 321/321/321 312/312/312 309/309/309 306/306/306
f 315/315/315 318/318/318 324/324/324 567/567/567
f 316/316/316 310/310/310 319/319/319 322/322/322
f 307/307/307 313/313/313 565/565/565 304/304/304
f 341/341/341 335/335/335 326/326/326 344/344/344
f 332/332/332 329/329/329 338/338/338 347/347/347
f 342/342/342 330/330/330 333/333/333 336/336/336
f 348/348/348 339/339/339 345/345/345 327/327/327
f 337/337/337 328/328/328 340/340/340 343/343/343
f 331/331/331 346/346/346 325/325/325 334/334/334
f 368/368/368 350/350/350 569/569/569 365/365/365
f 353/353/353 362/362/362 356/356/356 359/359/359
f 369/369/369 363/363/363 354/354/354 351/351/351
f 360/360/360 357/357/357 366/366/366 570/570/570
f 355/355/355 361/361/361 367/367/367 364/364/364
f 352/352/352 358/358/358 568/568/568 349/349/349
f 371/371/371 386/386/386 590/590/590 389/389/389
f 383/383/383 380/380/380 374/374/374 377/377/377
f 372/372/372 381/381/381 384/384/384 387/387/387
f 378/378/378 375/375/375 390/390/390 591/591/591
f 373/373/373 379/379/379 370/370/370 388/388/388
f 382/382/382 376/376/376 589/589/589 385/385/385
f 407/407/407 392/392/392 572/572/572 401/401/401
f 410/410/410 398/398/398 404/404/404 395/395/395
f 408/408/408 399/399/399 411/411/411 393/393/393
f 396/396/396 405/405/405 402/402/402 573/573/573
f 403/403/403 397/397/397 406/406/406 400/400/400
f 409/409/409 394/394/394 571/571/571 391/391/391
f 425/425/425 422/422/422 575/575/575 413/413/413
f 416/416/416 428/428/428 419/419/419 431/431/431
f 426/426/426 429/429/429 417/417/417 423/423/423
f 432/432/432 420/420/420 414/414/414 576/576/576
f 418/418/418 427/427/427 424/424/424 412/412/412
f 415/415/415 430/430/430 574/574/574 421/421/421
f 443/443/443 437/437/437 578/578/578 446/446/446
f 449/449/449 440/440/440 434/434/434 452/452/452
f 444/444/444 441/441/441 450/450/450 438/438/438
f 453/453/453 435/435/435 447/447/447 579/579/579
f 433/433/433 439/439/439 442/442/442 445/445/445
f 448/448/448 451/451/451 577/577/577 436/436/436
f 461/461/461 470/470/470 593/593/593 464/464/464
f 467/467/467 458/458/458 455/455/455 473/473/473
f 462/462/462 459/459/459 468/468/468 471/471/471
f 474/474/474 456/456/456 465/465/465 594/594/594
f 454/454/454 457/457/457 460/460/460 463/463/463
f 466/466/466 472/472/472 592/592/592 469/469/469
f 482/482/482 479/479/479 476/476/476 494/494/494
f 485/485/485 497/497/497 491/491/491 488/488/488
f 483/483/483 498/498/498 486/486/486 480/480/480
f 489/489/489 492/492/492 495/495/495 477/477/477
f 490/490/490 496/496/496 481/481/481 493/493/493
f 484/484/484 487/487/487 475/475/475 478/478/478
f 512/512/512 503/503/503 596/596/596 515/515/515
f 500/500/500 506/506/506 509/509/509 518/518/518
f 513/513/513 507/507/507 501/501/501 504/504/504
f 519/519/519 510/510/510 516/516/516 597/597/597
f 508/508/508 505/505/505 511/511/511 514/514/514
f 499/499/499 517/517/517 595/595/595 502/502/502
f 527/527/527 530/530/530 599/599/599 533/533/533
f 539/539/539 536/536/536 521/521/521 524/524/524
f 528/528/528 537/537/537 540/540/540 531/531/531
f 525/525/525 522/522/522 534/534/534 600/600/600
f 520/520/520 535/535/535 526/526/526 532/532/532
f 538/538/538 523/523/523 598/598/598 529/529/529
f 602/602/602 605/605/605 608/608/608 611/611/611
f 614/614/614 617/617/617 620/620/620 623/623/623
f 603/603/603 618/618/618 615/615/615 606/606/606
f 624/624/624 621/621/621 612/612/612 609/609/609
f 619/619/619 616/616/616 601/601/601 610/610/610
f 613/613/613 622/622/622 607/607/607 604/604/604
f 626/626/626 629/629/629 632/632/632 635/635/635
f 638/638/638 641/641/641 644/644/644 647/647/647
f 627/627/627 642/642/642 639/639/639 630/630/630
f 648/648/648 645/645/645 636/636/636 633/633/633
f 643/643/643 640/640/640 625/625/625 634/634/634
f 637/637/637 646/646/646 631/631/631 628/628/628
f 650/650/650 653/653/653 656/656/656 659/659/659
f 662/662/662 665/665/665 668/668/668 671/671/671
f 651/651/651 666/666/666 663/663/663 654/654/654
f 672/672/672 669/669/669 660/660/660 657/657/657
f 667/667/667 664/664/664 649/649/649 658/658/658
f 661/661/661 670/670/670 655/655/655 652/652/652
f 674/674/674 677/677/677 680/680/680 683/683/683
f 686/686/686 689/689/689 692/692/692 695/695/695
f 675/675/675 690/690/690 687/687/687 678/678/678
f 696/696/696 693/693/693 684/684/684 681/681/681
f 691/691/691 688/688/688 673/673/673 682/682/682
f 685/685/685 694/694/694 679/679/679 676/676/676
f 698/698/698 701/701/701 704/704/704 707/707/707
f 710/710/710 713/713/713 716/716/716 719/719/719
f 699/699/699 714/714/714 711/711/711 702/702/702
f 720/720/720 717/717/717 708/708/708 705/705/705
f 715/715/715 712/712/712 697/697/697 706/706/706
f 709/709/709 718/718/718 703/703/703 700/700/700
f 722/722/722 725/725/725 728/728/728 731/731/731
f 734/734/734 737/737/737 740/740/740 743/743/743
f 723/723/723 738/738/738 735/735/735 726/726/726
f 744/744/744 741/741/741 732/732/732 729/729/729
f 739/739/739 736/736/736 721/721/721 730/730/730
f 733/733/733 742/742/742 727/727/727 724/724/724
f 746/746/746 749/749/749 752/752/752 755/755/755
f 758/758/758 761/761/761 764/764/764 767/767/767
f 747/747/747 762/762/762 759/759/759 750/750/750
f 768/768/768 765/765/765 756/756/756 753/753/753
f 763/763/763 760/760/760 745/745/745 754/754/754
f 757/757/757 766/766/766 751/751/751 748/748/748
